, Name , F(percentage) ,SMILES
0, SULFACETAMIDE , 4 ,CC(=O)NS(=O)(=O)C1=CC=C(N)C=C1
1, SILODOSIN , 32 ,C[C@H](CC1=CC2=C(N(CCCO)CC2)C(=C1)C(N)=O)NCCOC1=CC=CC=C1OCC(F)(F)F
2, METHADONE , 68 ,CCC(=O)C(CC(C)N(C)C)(C1=CC=CC=C1)C1=CC=CC=C1
3, ERGOTAMINE , 62 ,[H][C@@]12CCCN1C(=O)[C@H](CC1=CC=CC=C1)N1C(=O)[C@](C)(NC(=O)[C@H]3CN(C)[C@]4([H])CC5=CNC6=CC=CC(=C56)C4=C3)O[C@@]21O
4, SULFASALAZINE , 15 ,OC(=O)C1=CC(=CC=C1O)\N=N\C1=CC=C(C=C1)S(=O)(=O)NC1=NC=CC=C1
5, OXYCODONE , 73.5 ,COC1=C2O[C@H]3C(=O)CC[C@@]4(O)[C@H]5CC(C=C1)=C2[C@@]34CCN5C
6, SECOBARBITAL , 90 ,CCCC(C)C1(CC=C)C(=O)NC(=O)NC1=O
7, QUINIDINE , 70 ,[H][C@@]12CCN(C[C@@H]1C=C)[C@]([H])(C2)[C@@H](O)C1=C2C=C(OC)C=CC2=NC=C1
8, METHOTREXATE , 60 ,CN(CC1=CN=C2N=C(N)N=C(N)C2=N1)C1=CC=C(C=C1)C(=O)N[C@@H](CCC(O)=O)C(O)=O
9, HYDRALAZINE , 18 ,NNC1=NN=CC2=CC=CC=C12
10, ISONIAZID , 100 ,NNC(=O)C1=CC=NC=C1
11, PHENOXYBENZAMINE , 25 ,CC(COC1=CC=CC=C1)N(CCCl)CC1=CC=CC=C1
12, PHENOXYBENZAMINE , 25 ,CC(COC1=CC=CC=C1)N(CCCl)CC1=CC=CC=C1
13, METHSCOPOLAMINE , 17 ,C[N+]1(C)[C@H]2C[C@@H](C[C@@H]1[C@H]1O[C@@H]21)OC(=O)[C@H](CO)C1=CC=CC=C1
14, ACETAZOLAMIDE , 100 ,CC(=O)NC1=NN=C(S1)S(N)(=O)=O
15, RESERPINE , 50 ,[H][C@]12C[C@@H](OC(=O)C3=CC(OC)=C(OC)C(OC)=C3)[C@H](OC)[C@@H](C(=O)OC)[C@@]1([H])C[C@@]1([H])N(CCC3=C1NC1=C3C=CC(OC)=C1)C2
16, CHLORPROMAZINE , 21 ,CN(C)CCCN1C2=CC=CC=C2SC2=C1C=C(Cl)C=C2
17, PRIMIDONE , 70 ,CCC1(C(=O)NCNC1=O)C1=CC=CC=C1
18, OXTRIPHYLLINE , 90 ,C[N+](C)(C)CCO.CN1C2=C([N-]C=N2)C(=O)N(C)C1=O
19, DIGOXIN , 70 ,[H][C@]12CC[C@]3([H])[C@]([H])(C[C@@H](O)[C@]4(C)[C@H](CC[C@]34O)C3=CC(=O)OC3)[C@@]1(C)CC[C@@H](C2)O[C@H]1C[C@H](O)[C@H](O[C@H]2C[C@H](O)[C@H](O[C@H]3C[C@H](O)[C@H](O)[C@@H](C)O3)[C@@H](C)O2)[C@@H](C)O1
20, PYRIDOSTIGMINE , 15 ,CN(C)C(=O)OC1=C[N+](C)=CC=C1
21, METHYLPHENIDATE , 23.5 ,COC(=O)C(C1CCCCN1)C1=CC=CC=C1
22, LIOTHYRONINE , 95 ,N[C@@H](CC1=CC(I)=C(OC2=CC(I)=C(O)C=C2)C(I)=C1)C(O)=O
23, OXYMORPHONE , 10 ,[H][C@@]12OC3=C(O)C=CC4=C3[C@@]11CCN(C)[C@]([H])(C4)[C@]1(O)CCC2=O
24, ISOSORBIDE DINITRATE , 25 ,[H][C@]12OC[C@H](O[N+]([O-])=O)[C@@]1([H])OC[C@H]2O[N+]([O-])=O
25, ISOSORBIDE MONONITRATE , 100 ,[H][C@]12OC[C@@H](O[N+]([O-])=O)[C@@]1([H])OC[C@@H]2O
26, CHLORTHALIDONE , 64 ,NS(=O)(=O)C1=C(Cl)C=CC(=C1)C1(O)NC(=O)C2=CC=CC=C12
27, COLCHICINE , 45 ,COC1=CC2=C(C(OC)=C1OC)C1=CC=C(OC)C(=O)C=C1C(CC2)NC(C)=O
28, DIPHENOXYLATE , 90 ,CCOC(=O)C1(CCN(CCC(C#N)(C2=CC=CC=C2)C2=CC=CC=C2)CC1)C1=CC=CC=C1
29, CHLORPROTHIXENE , 17 ,CN(C)CC\C=C1\C2=CC=CC=C2SC2=CC=C(Cl)C=C12
30, DIAZEPAM , 90 ,CN1C2=C(C=C(Cl)C=C2)C(=NCC1=O)C1=CC=CC=C1
31, MELPHALAN , 74 ,N[C@@H](CC1=CC=C(C=C1)N(CCCl)CCCl)C(O)=O
32, AMINOCAPROIC ACID , 100 ,NCCCCCC(O)=O
33, HALOPERIDOL , 60 ,OC1(CCN(CCCC(=O)C2=CC=C(F)C=C2)CC1)C1=CC=C(Cl)C=C1
34, FENTANYL , 50 ,CCC(=O)N(C1CCN(CCC2=CC=CC=C2)CC1)C1=CC=CC=C1
35, INDOMETHACIN , 100 ,COC1=CC2=C(C=C1)N(C(=O)C1=CC=C(Cl)C=C1)C(C)=C2CC(O)=O
36, ALLOPURINOL , 90 ,OC1=NC=NC2=C1C=NN2
37, DEFEROXAMINE , 2 ,CC(=O)N(O)CCCCCNC(=O)CCC(=O)N(O)CCCCCNC(=O)CCC(=O)N(O)CCCCCN
38, FUROSEMIDE , 60 ,NS(=O)(=O)C1=C(Cl)C=C(NCC2=CC=CO2)C(=C1)C(O)=O
39, CARBAMAZEPINE , 89 ,NC(=O)N1C2=CC=CC=C2C=CC2=CC=CC=C12
40, PROCARBAZINE , 100 ,CNNCC1=CC=C(C=C1)C(=O)NC(C)C
41, BENZQUINAMIDE , 39 ,CCN(CC)C(=O)C1CN2CCC3=CC(OC)=C(OC)C=C3C2CC1OC(C)=O
42, MITOTANE , 40 ,ClC(Cl)C(C1=CC=C(Cl)C=C1)C1=CC=CC=C1Cl
43, LEVODOPA , 44 ,N[C@@H](CC1=CC(O)=C(O)C=C1)C(O)=O
44, TAPENTADOL , 32 ,CC[C@H]([C@@H](C)CN(C)C)C1=CC(O)=CC=C1
45, FLUCYTOSINE , 83 ,NC1=C(F)C=NC(=O)N1
46, PRAZOSIN , 90 ,COC1=C(OC)C=C2C(N)=NC(=NC2=C1)N1CCN(CC1)C(=O)C1=CC=CO1
47, PIMOZIDE , 50 ,FC1=CC=C(C=C1)C(CCCN1CCC(CC1)N1C(=O)NC2=CC=CC=C12)C1=CC=C(F)C=C1
48, OXYBUTYNIN , 6 ,CCN(CC)CC#CCOC(=O)C(O)(C1CCCCC1)C1=CC=CC=C1
49, TRIMETHOBENZAMIDE , 100 ,COC1=CC(=CC(OC)=C1OC)C(=O)NCC1=CC=C(OCCN(C)C)C=C1
50, CLONAZEPAM , 90 ,[O-][N+](=O)C1=CC2=C(NC(=O)CN=C2C2=CC=CC=C2Cl)C=C1
51, CARBIDOPA , 99 ,C[C@@](CC1=CC(O)=C(O)C=C1)(NN)C(O)=O
52, OXYBUTYNIN , 6 ,CCN(CC)CC#CCOC(=O)C(O)(C1CCCCC1)C1=CC=CC=C1
53, NAPROXEN , 95 ,COC1=CC2=C(C=C1)C=C(C=C2)[C@H](C)C(O)=O
54, TOLMETIN , 100 ,CN1C(CC(O)=O)=CC=C1C(=O)C1=CC=C(C)C=C1
55, GLIPIZIDE , 100 ,CC1=NC=C(N=C1)C(=O)NCCC1=CC=C(C=C1)S(=O)(=O)NC(=O)NC1CCCCC1
56, LORAZEPAM , 90 ,OC1N=C(C2=CC=CC=C2Cl)C2=C(NC1=O)C=CC(Cl)=C2
57, CYCLOBENZAPRINE , 44 ,CN(C)CCC=C1C2=CC=CC=C2C=CC2=CC=CC=C12
58, METOCLOPRAMIDE , 80 ,CCN(CC)CCNC(=O)C1=CC(Cl)=C(N)C=C1OC
59, BUTORPHANOL , 65 ,[H][C@@]12CC3=C(C=C(O)C=C3)[C@]3(CCCC[C@@]13O)CCN2CC1CCC1
60, METOPROLOL , 50 ,COCCC1=CC=C(OCC(O)CNC(C)C)C=C1
61, METYROSINE , 69 ,C[C@](N)(CC1=CC=C(O)C=C1)C(O)=O
62, SCOPOLAMINE , 29.4 ,CN1[C@H]2C[C@@H](C[C@@H]1[C@H]1O[C@@H]21)OC(=O)[C@H](CO)C1=CC=CC=C1
63, BROMOCRIPTINE , 80 ,[H][C@@]12CCCN1C(=O)[C@H](CC(C)C)N1C(=O)[C@](NC(=O)[C@H]3CN(C)[C@]4([H])CC5=C(Br)NC6=CC=CC(=C56)C4=C3)(O[C@@]21O)C(C)C
64, METOPROLOL , 50 ,COCCC1=CC=C(OCC(O)CNC(C)C)C=C1
65, VALPROIC ACID , 90 ,CCCC(CCC)C(O)=O
66, FLUNISOLIDE , 7 ,[H][C@@]12C[C@@]3([H])[C@]4([H])C[C@H](F)C5=CC(=O)C=C[C@]5(C)[C@@]4([H])[C@@H](O)C[C@]3(C)[C@@]1(OC(C)(C)O2)C(=O)CO
67, MINOXIDIL , 90 ,NC1=CC(=NC(N)=[N+]1[O-])N1CCCCC1
68, TEMAZEPAM , 92 ,CN1C2=C(C=C(Cl)C=C2)C(=NC(O)C1=O)C1=CC=CC=C1
69, OXPRENOLOL , 46.5 ,CC(C)NCC(O)COC1=CC=CC=C1OCC=C
70, AMINOGLUTETHIMIDE , 100 ,CCC1(CCC(=O)NC1=O)C1=CC=C(N)C=C1
71, ATENOLOL , 50 ,CC(C)NCC(O)COC1=CC=C(CC(N)=O)C=C1
72, TOCAINIDE , 100 ,CC(N)C(=O)NC1=C(C)C=CC=C1C
73, ALPRAZOLAM , 90 ,CC1=NN=C2CN=C(C3=CC=CC=C3)C3=C(C=CC(Cl)=C3)N12
74, PINDOLOL , 95 ,CC(C)NCC(O)COC1=CC=CC2=C1C=CN2
75, CAPTOPRIL , 75 ,C[C@H](CS)C(=O)N1CCC[C@H]1C(O)=O
76, VERAPAMIL , 13 ,COC1=C(OC)C=C(CCN(C)CCCC(C#N)(C(C)C)C2=CC(OC)=C(OC)C=C2)C=C1
77, BUPRENORPHINE , 15 ,CO[C@]12CC[C@@]3(C[C@@H]1[C@](C)(O)C(C)(C)C)[C@H]1CC4=C5C(O[C@@H]2[C@@]35CCN1CC1CC1)=C(O)C=C4
78, GEMFIBROZIL , 100 ,CC1=CC(OCCCC(C)(C)C(O)=O)=C(C)C=C1
79, NIFEDIPINE , 86 ,COC(=O)C1=C(C)NC(C)=C(C1C1=CC=CC=C1[N+]([O-])=O)C(=O)OC
80, ALPROSTADIL , 98 ,CCCCC[C@H](O)\C=C\[C@H]1[C@H](O)CC(=O)[C@@H]1CCCCCCC(O)=O
81, VERAPAMIL , 13 ,COC1=C(OC)C=C(CCN(C)CCCC(C#N)(C(C)C)C2=CC(OC)=C(OC)C=C2)C=C1
82, INDAPAMIDE , 100 ,CC1CC2=CC=CC=C2N1NC(=O)C1=CC(=C(Cl)C=C1)S(N)(=O)=O
83, NITROGLYCERIN , 40 ,[O-][N+](=O)OCC(CO[N+]([O-])=O)O[N+]([O-])=O
84, INDAPAMIDE , 100 ,CC1CC2=CC=CC=C2N1NC(=O)C1=CC(=C(Cl)C=C1)S(N)(=O)=O
85, FLUTAMIDE , 100 ,CC(C)C(=O)NC1=CC(=C(C=C1)[N+]([O-])=O)C(F)(F)F
86, RITODRINE , 30 ,C[C@H](NCCC1=CC=C(O)C=C1)[C@H](O)C1=CC=C(O)C=C1
87, GUANABENZ , 75 ,NC(N)=NN=CC1=C(Cl)C=CC=C1Cl
88, DILTIAZEM , 40 ,COC1=CC=C(C=C1)[C@@H]1SC2=C(C=CC=C2)N(CCN(C)C)C(=O)[C@@H]1OC(C)=O
89, ACYCLOVIR , 15 ,NC1=NC(=O)C2=C(N1)N(COCCO)C=N2
90, MIDAZOLAM , 90 ,CC1=NC=C2CN=C(C3=CC=CC=C3F)C3=C(C=CC(Cl)=C3)N12
91, LEVONORGESTREL , 100 ,[H][C@@]12CC[C@@](O)(C#C)[C@@]1(CC)CC[C@]1([H])[C@@]3([H])CCC(=O)C=C3CC[C@@]21[H]
92, LABETALOL , 25 ,CC(CCC1=CC=CC=C1)NCC(O)C1=CC(C(N)=O)=C(O)C=C1
93, PRAZIQUANTEL , 80 ,O=C(C1CCCCC1)N1CC2N(CCC3=CC=CC=C23)C(=O)C1
94, RANITIDINE , 50 ,CNC(NCCSCC1=CC=C(CN(C)C)O1)=C[N+]([O-])=O
95, PRAZIQUANTEL , 80 ,O=C(C1CCCCC1)N1CC2N(CCC3=CC=CC=C23)C(=O)C1
96, MILNACIPRAN , 87.5 ,CCN(CC)C(=O)C1(CC1CN)C1=CC=CC=C1
97, BUSPIRONE , 90 ,O=C1CC2(CCCC2)CC(=O)N1CCCCN1CCN(CC1)C1=NC=CC=N1
98, CICLOPIROX , 1.3 ,CC1=CC(=O)N(O)C(=C1)C1CCCCC1
99, ACETOHYDROXAMIC ACID , 100 ,CC(=O)NO
100, KETOPROFEN , 90 ,CC(C(O)=O)C1=CC(=CC=C1)C(=O)C1=CC=CC=C1
101, FLURBIPROFEN , 96 ,CC(C(O)=O)C1=CC(F)=C(C=C1)C1=CC=CC=C1
102, OXAPROZIN , 95 ,OC(=O)CCC1=NC(=C(O1)C1=CC=CC=C1)C1=CC=CC=C1
103, RIBAVIRIN , 64 ,NC(=O)C1=NN(C=N1)[C@@H]1O[C@H](CO)[C@@H](O)[C@H]1O
104, NIMODIPINE , 13 ,COCCOC(=O)C1=C(C)NC(C)=C(C1C1=CC(=CC=C1)[N+]([O-])=O)C(=O)OC(C)C
105, MEXILETINE , 90 ,CC(N)COC1=C(C)C=CC=C1C
106, ACEBUTOLOL , 40 ,CCCC(=O)NC1=CC=C(OCC(O)CNC(C)C)C(=C1)C(C)=O
107, ETODOLAC , 100 ,CCC1=C2NC3=C(CCOC3(CC)CC(O)=O)C2=CC=C1
108, NALTREXONE , 22 ,[H][C@@]12OC3=C(O)C=CC4=C3[C@@]11CCN(CC3CC3)[C@]([H])(C4)[C@]1(O)CCC2=O
109, LEVOCARNITINE , 15 ,C[N+](C)(C)C[C@H](O)CC([O-])=O
110, AMIODARONE , 50 ,CCCCC1=C(C(=O)C2=CC(I)=C(OCCN(CC)CC)C(I)=C2)C2=C(O1)C=CC=C2
111, ENALAPRIL , 60 ,CCOC(=O)[C@H](CCC1=CC=CC=C1)N[C@@H](C)C(=O)N1CCC[C@H]1C(O)=O
112, IPRATROPIUM , 3 ,[H][C@]12CC[C@]([H])(C[C@@H](C1)OC(=O)C(CO)C1=CC=CC=C1)[N+]2(C)C(C)C
113, PROPAFENONE , 12 ,CCCNCC(O)COC1=C(C=CC=C1)C(=O)CCC1=CC=CC=C1
114, DICLOFENAC , 50 ,OC(=O)CC1=CC=CC=C1NC1=C(Cl)C=CC=C1Cl
115, LEVOBETAXOLOL , 89 ,CC(C)NC[C@H](O)COC1=CC=C(CCOCC2CC2)C=C1
116, TRANEXAMIC ACID , 45 ,NC[C@H]1CC[C@@H](CC1)C(O)=O
117, FENOFIBRATE , 60 ,CC(C)OC(=O)C(C)(C)OC1=CC=C(C=C1)C(=O)C1=CC=C(Cl)C=C1
118, NORFLOXACIN , 35 ,CCN1C=C(C(O)=O)C(=O)C2=CC(F)=C(C=C12)N1CCNCC1
119, PINACIDIL , 57 ,CC(N\C(NC#N)=N\C1=CC=NC=C1)C(C)(C)C
120, ISRADIPINE , 19.5 ,COC(=O)C1=C(C)NC(C)=C(C1C1=CC=CC2=NON=C12)C(=O)OC(C)C
121, PINACIDIL , 57 ,CC(N\C(NC#N)=N\C1=CC=NC=C1)C(C)(C)C
122, FAMOTIDINE , 45 ,NC(N)=NC1=NC(CSCCC(N)=NS(N)(=O)=O)=CS1
123, NICARDIPINE , 35 ,COC(=O)C1=C(C)NC(C)=C(C1C1=CC(=CC=C1)[N+]([O-])=O)C(=O)OCCN(C)CC1=CC=CC=C1
124, CLOFAZIMINE , 53 ,CC(C)N=C1C=C2N(C3=CC=C(Cl)C=C3)C3=C(C=CC=C3)N=C2C=C1NC1=CC=C(Cl)C=C1
125, NIZATIDINE , 70 ,CNC(NCCSCC1=CSC(CN(C)C)=N1)=C[N+]([O-])=O
126, CIPROFLOXACIN , 70 ,OC(=O)C1=CN(C2CC2)C2=CC(N3CCNCC3)=C(F)C=C2C1=O
127, ISRADIPINE , 19.5 ,COC(=O)C1=C(C)NC(C)=C(C1C1=CC=CC2=NON=C12)C(=O)OC(C)C
128, LISINOPRIL , 25 ,NCCCC[C@H](N[C@@H](CCC1=CC=CC=C1)C(O)=O)C(=O)N1CCC[C@H]1C(O)=O
129, MEFLOQUINE , 85 ,OC(C1CCCCN1)C1=CC(=NC2=C1C=CC=C2C(F)(F)F)C(F)(F)F
130, TERCONAZOLE , 16 ,CC(C)N1CCN(CC1)C1=CC=C(OC[C@H]2CO[C@@](CN3C=NC=N3)(O2)C2=C(Cl)C=C(Cl)C=C2)C=C1
131, KETOROLAC , 100 ,OC(=O)C1CCN2C1=CC=C2C(=O)C1=CC=CC=C1
132, ENOXACIN , 90 ,CCN1C=C(C(O)=O)C(=O)C2=CC(F)=C(N=C12)N1CCNCC1
133, LOVASTATIN , 30 ,[H][C@]12[C@H](C[C@@H](C)C=C1C=C[C@H](C)[C@@H]2CC[C@@H]1C[C@@H](O)CC(=O)O1)OC(=O)[C@@H](C)CC
134, KETOROLAC , 100 ,OC(=O)C1CCN2C1=CC=C2C(=O)C1=CC=CC=C1
135, ZIDOVUDINE , 60 ,CC1=CN([C@H]2C[C@H](N=[N+]=[N-])[C@@H](CO)O2)C(=O)NC1=O
136, NEDOCROMIL , 4 ,CCCC1=C2N(CC)C(=CC(=O)C2=CC2=C1OC(=CC2=O)C(O)=O)C(O)=O
137, OLSALAZINE , 2.4 ,OC(=O)C1=CC(=CC=C1O)\N=N\C1=CC=C(O)C(=C1)C(O)=O
138, OFLOXACIN , 98 ,CC1COC2=C3N1C=C(C(O)=O)C(=O)C3=CC(F)=C2N1CCN(C)CC1
139, MORICIZINE , 36 ,CCOC(=O)NC1=CC2=C(SC3=CC=CC=C3N2C(=O)CCN2CCOCC2)C=C1
140, SIMVASTATIN , 5 ,[H][C@]12[C@H](C[C@@H](C)C=C1C=C[C@H](C)[C@@H]2CC[C@@H]1C[C@@H](O)CC(=O)O1)OC(=O)C(C)(C)CC
141, LEVAMLODIPINE , 77 ,CCOC(=O)C1=C(COCCN)NC(C)=C([C@@H]1C1=CC=CC=C1Cl)C(=O)OC
142, OMEPRAZOLE , 35 ,COC1=CC2=C(C=C1)N=C(N2)S(=O)CC1=NC=C(C)C(OC)=C1C
143, MIDODRINE , 100 ,COC1=CC(C(O)CNC(=O)CN)=C(OC)C=C1
144, ACITRETIN , 72 ,COC1=C(C)C(C)=C(\C=C\C(\C)=C\C=C\C(\C)=C\C(O)=O)C(C)=C1
145, FELODIPINE , 20 ,CCOC(=O)C1=C(C)NC(C)=C(C1C1=C(Cl)C(Cl)=CC=C1)C(=O)OC
146, BENAZEPRIL , 37 ,[H][C@@]1(CCC2=CC=CC=C2N(CC(O)=O)C1=O)N[C@@H](CCC1=CC=CC=C1)C(=O)OCC
147, PENICILLAMINE , 55 ,[H][C@](N)(C(O)=O)C(C)(C)S
148, SOTALOL , 95 ,CC(C)NCC(O)C1=CC=C(NS(C)(=O)=O)C=C1
149, SOTALOL , 95 ,CC(C)NCC(O)C1=CC=C(NS(C)(=O)=O)C=C1
150, QUINAPRIL , 60 ,CCOC(=O)[C@H](CCC1=CC=CC=C1)N[C@@H](C)C(=O)N1CC2=CC=CC=C2C[C@H]1C(O)=O
151, PRAVASTATIN , 17 ,[H][C@]12[C@H](C[C@H](O)C=C1C=C[C@H](C)[C@@H]2CC[C@@H](O)C[C@@H](O)CC(O)=O)OC(=O)[C@@H](C)CC
152, RAMIPRIL , 28 ,[H][C@@]12CCC[C@]1([H])N([C@@H](C2)C(O)=O)C(=O)[C@H](C)N[C@@H](CCC1=CC=CC=C1)C(=O)OCC
153, FOSINOPRIL , 36 ,CCC(=O)O[C@@H](O[P@](=O)(CCCCC1=CC=CC=C1)CC(=O)N1C[C@@H](C[C@H]1C(O)=O)C1CCCCC1)C(C)C
154, FLUCONAZOLE , 90 ,OC(CN1C=NC=N1)(CN1C=NC=N1)C1=C(F)C=C(F)C=C1
155, TICLOPIDINE , 80 ,ClC1=CC=CC=C1CN1CCC2=C(C1)C=CS2
156, BISOPROLOL , 80 ,CC(C)NCC(O)COC1=CC=C(COCCOC(C)C)C=C1
157, SUCCIMER , 20 ,OC(=O)[C@@H](S)[C@@H](S)C(O)=O
158, LOMEFLOXACIN , 97 ,CCN1C=C(C(O)=O)C(=O)C2=CC(F)=C(N3CCNC(C)C3)C(F)=C12
159, ITRACONAZOLE , 55 ,CCC(C)N1N=CN(C1=O)C1=CC=C(C=C1)N1CCN(CC1)C1=CC=C(OC[C@H]2CO[C@@](CN3C=NC=N3)(O2)C2=CC=C(Cl)C=C2Cl)C=C1
160, AZELASTINE , 40 ,CN1CCCC(CC1)N1N=C(CC2=CC=C(Cl)C=C2)C2=CC=CC=C2C1=O
161, TACRINE , 17 ,NC1=C2CCCCC2=NC2=CC=CC=C12
162, DESOGESTREL , 84 ,[H][C@@]12CC[C@@](O)(C#C)[C@@]1(CC)CC(=C)[C@]1([H])[C@@]3([H])CCCC=C3CC[C@@]21[H]
163, ITRACONAZOLE , 55 ,CCC(C)N1N=CN(C1=O)C1=CC=C(C=C1)N1CCN(CC1)C1=CC=C(OC[C@H]2CO[C@@](CN3C=NC=N3)(O2)C2=CC=C(Cl)C=C2Cl)C=C1
164, AZELASTINE , 40 ,CN1CCCC(CC1)N1N=C(CC2=CC=C(Cl)C=C2)C2=CC=CC=C2C1=O
165, BUDESONIDE , 9 ,[H][C@@]12C[C@H]3OC(CCC)O[C@@]3(C(=O)CO)[C@@]1(C)C[C@H](O)[C@@]1([H])[C@@]2([H])CCC2=CC(=O)C=C[C@]12C
166, VENLAFAXINE , 92 ,COC1=CC=C(C=C1)C(CN(C)C)C1(O)CCCCC1
167, VENLAFAXINE , 92 ,COC1=CC=C(C=C1)C(CN(C)C)C1(O)CCCCC1
168, NEFAZODONE , 20 ,CCC1=NN(CCCN2CCN(CC2)C2=CC(Cl)=CC=C2)C(=O)N1CCOC1=CC=CC=C1
169, DIDANOSINE , 42 ,OC[C@@H]1CC[C@@H](O1)N1C=NC2=C1NC=NC2=O
170, NILUTAMIDE , 100 ,CC1(C)NC(=O)N(C1=O)C1=CC(=C(C=C1)[N+]([O-])=O)C(F)(F)F
171, FINASTERIDE , 63 ,[H][C@@]12CC[C@H](C(=O)NC(C)(C)C)[C@@]1(C)CC[C@@]1([H])[C@@]2([H])CC[C@@]2([H])NC(=O)C=C[C@]12C
172, PERINDOPRIL , 75 ,[H][C@]12C[C@H](N(C(=O)[C@H](C)N[C@@H](CCC)C(=O)OCC)[C@@]1([H])CCCC2)C(O)=O
173, FELBAMATE , 90 ,NC(=O)OCC(COC(N)=O)C1=CC=CC=C1
174, TERBINAFINE , 70 ,CN(C\C=C\C#CC(C)(C)C)CC1=CC=CC2=CC=CC=C12
175, ZALCITABINE , 80 ,NC1=NC(=O)N(C=C1)[C@H]1CC[C@@H](CO)O1
176, CISAPRIDE , 37.5 ,CO[C@H]1CN(CCCOC2=CC=C(F)C=C2)CC[C@H]1NC(=O)C1=CC(Cl)=C(N)C=C1OC
177, BUDESONIDE , 9 ,[H][C@@]12C[C@H]3OC(CCC)O[C@@]3(C(=O)CO)[C@@]1(C)C[C@H](O)[C@@]1([H])[C@@]2([H])CCC2=CC(=O)C=C[C@]12C
178, GABAPENTIN , 75 ,NCC1(CC(O)=O)CCCCC1
179, LAMOTRIGINE , 98 ,NC1=NC(N)=C(N=N1)C1=C(Cl)C(Cl)=CC=C1
180, FLUVOXAMINE , 53 ,COCCCC\C(=N/OCCN)C1=CC=C(C=C1)C(F)(F)F
181, ATOVAQUONE , 47 ,OC1=C([C@H]2CC[C@@H](CC2)C2=CC=C(Cl)C=C2)C(=O)C2=CC=CC=C2C1=O
182, FLUVASTATIN , 24 ,CC(C)N1C(\C=C\[C@H](O)C[C@H](O)CC(O)=O)=C(C2=CC=C(F)C=C2)C2=CC=CC=C12
183, RISPERIDONE , 70 ,CC1=C(CCN2CCC(CC2)C2=NOC3=C2C=CC(F)=C3)C(=O)N2CCCCC2=N1
184, TRAMADOL , 75 ,COC1=CC=CC(=C1)[C@@]1(O)CCCC[C@@H]1CN(C)C
185, CARVEDILOL , 30 ,COC1=CC=CC=C1OCCNCC(O)COC1=CC=CC2=C1C1=CC=CC=C1N2
186, MOEXIPRIL , 13 ,CCOC(=O)[C@H](CCC1=CC=CC=C1)N[C@@H](C)C(=O)N1CC2=CC(OC)=C(OC)C=C2C[C@H]1C(O)=O
187, ANAGRELIDE , 70 ,ClC1=CC=C2N=C3NC(=O)CN3CC2=C1Cl
188, MIRTAZAPINE , 50 ,CN1CCN2C(C1)C1=CC=CC=C1CC1=C2N=CC=C1
189, NISOLDIPINE , 5 ,COC(=O)C1=C(C)NC(C)=C(C1C1=CC=CC=C1[N+]([O-])=O)C(=O)OCC(C)C
190, METFORMIN , 55 ,CN(C)C(=N)NC(N)=N
191, FAMCICLOVIR , 77 ,CC(=O)OCC(CCN1C=NC2=CN=C(N)N=C12)COC(C)=O
192, LOSARTAN , 33 ,CCCCC1=NC(Cl)=C(CO)N1CC1=CC=C(C=C1)C1=CC=CC=C1C1=NNN=N1
193, TIZANIDINE , 40 ,ClC1=C(NC2=NCCN2)C2=NSN=C2C=C1
194, LANSOPRAZOLE , 80 ,CC1=C(OCC(F)(F)F)C=CN=C1CS(=O)C1=NC2=CC=CC=C2N1
195, STAVUDINE , 86 ,CC1=CN([C@@H]2O[C@H](CO)C=C2)C(=O)NC1=O
196, MIRTAZAPINE , 50 ,CN1CCN2C(C1)C1=CC=CC=C1CC1=C2N=CC=C1
197, AZELAIC ACID , 4 ,OC(=O)CCCCCCCC(O)=O
198, ACARBOSE , 2 ,[H]C(=O)[C@H](O)[C@@H](O)[C@]([H])(O[C@@]1([H])O[C@H](CO)[C@@]([H])(O[C@H]2O[C@H](C)[C@@H](N[C@@]3([H])C=C(CO)[C@@H](O)[C@H](O)[C@H]3O)[C@H](O)[C@H]2O)[C@H](O)[C@H]1O)[C@H](O)CO
199, GLIMEPIRIDE , 100 ,CCC1=C(C)CN(C(=O)NCCC2=CC=C(C=C2)S(=O)(=O)NC(=O)N[C@H]2CC[C@H](C)CC2)C1=O
200, TOPIRAMATE , 80 ,[H][C@@]12CO[C@@]3(COS(N)(=O)=O)OC(C)(C)O[C@@]3([H])[C@]1([H])OC(C)(C)O2
201, TRANDOLAPRIL , 10 ,[H][C@@]12C[C@H](N(C(=O)[C@H](C)N[C@@H](CCC3=CC=CC=C3)C(=O)OCC)[C@@]1([H])CCCC2)C(O)=O
202, LAMIVUDINE , 87 ,NC1=NC(=O)N(C=C1)[C@@H]1CS[C@H](CO)O1
203, TAMSULOSIN , 90 ,CCOC1=CC=CC=C1OCCN[C@H](C)CC1=CC(=C(OC)C=C1)S(N)(=O)=O
204, FEBUXOSTAT , 49 ,CC(C)COC1=C(C=C(C=C1)C1=NC(C)=C(S1)C(O)=O)C#N
205, RILUZOLE , 60 ,NC1=NC2=C(S1)C=C(OC(F)(F)F)C=C2
206, LEVOFLOXACIN , 99 ,C[C@H]1COC2=C3N1C=C(C(O)=O)C(=O)C3=CC(F)=C2N1CCN(C)CC1
207, NEVIRAPINE , 93 ,CC1=C2NC(=O)C3=C(N=CC=C3)N(C3CC3)C2=NC=C1
208, TIAGABINE , 90 ,CC1=C(SC=C1)C(=CCCN1CCC[C@H](C1)C(O)=O)C1=C(C)C=CS1
209, ROPINIROLE , 55 ,CCCN(CCC)CCC1=C2CC(=O)NC2=CC=C1
210, VALSARTAN , 25 ,CCCCC(=O)N(CC1=CC=C(C=C1)C1=CC=CC=C1C1=NNN=N1)[C@@H](C(C)C)C(O)=O
211, TOPOTECAN , 40 ,CC[C@@]1(O)C(=O)OCC2=C1C=C1N(CC3=CC4=C(C=CC(O)=C4CN(C)C)N=C13)C2=O
212, SPARFLOXACIN , 92 ,C[C@H]1CN(C[C@@H](C)N1)C1=C(F)C(N)=C2C(=O)C(=CN(C3CC3)C2=C1F)C(O)=O
213, MIFEPRISTONE , 69 ,[H][C@@]12CC[C@@](O)(C#CC)[C@@]1(C)C[C@H](C1=CC=C(C=C1)N(C)C)C1=C3CCC(=O)C=C3CC[C@@]21[H]
214, OLOPATADINE , 57 ,CN(C)CC\C=C1\C2=CC=CC=C2COC2=C1C=C(CC(O)=O)C=C2
215, GREPAFLOXACIN , 70 ,CC1CN(CCN1)C1=C(F)C(C)=C2C(=O)C(=CN(C3CC3)C2=C1)C(O)=O
216, TOLCAPONE , 65 ,CC1=CC=C(C=C1)C(=O)C1=CC(=C(O)C(O)=C1)[N+]([O-])=O
217, ATORVASTATIN , 14 ,CC(C)C1=C(C(=O)NC2=CC=CC=C2)C(=C(N1CC[C@@H](O)C[C@@H](O)CC(O)=O)C1=CC=C(F)C=C1)C1=CC=CC=C1
218, CERIVASTATIN , 60 ,COCC1=C(C2=CC=C(F)C=C2)C(\C=C\[C@@H](O)C[C@@H](O)CC(O)=O)=C(C(C)C)N=C1C(C)C
219, REPAGLINIDE , 56 ,CCOC1=C(C=CC(CC(=O)N[C@@H](CC(C)C)C2=CC=CC=C2N2CCCCC2)=C1)C(O)=O
220, IRBESARTAN , 70 ,CCCCC1=NC2(CCCC2)C(=O)N1CC1=CC=C(C=C1)C1=CC=CC=C1C1=NNN=N1
221, NARATRIPTAN , 70 ,CNS(=O)(=O)CCC1=CC2=C(NC=C2C2CCN(C)CC2)C=C1
222, ZOLMITRIPTAN , 40 ,CN(C)CCC1=CNC2=CC=C(C[C@H]3COC(=O)N3)C=C12
223, ENTACAPONE , 35 ,CCN(CC)C(=O)C(=C\C1=CC(=C(O)C(O)=C1)[N+]([O-])=O)\C#N
224, RALOXIFENE , 2 ,OC1=CC=C(C=C1)C1=C(C(=O)C2=CC=C(OCCN3CCCCC3)C=C2)C2=C(S1)C=C(O)C=C2
225, PARICALCITOL , 79 ,[H][C@@]1(CC[C@@]2([H])\C(CCC[C@]12C)=C\C=C1C[C@@H](O)C[C@H](O)C1)[C@H](C)\C=C\[C@H](C)C(C)(C)O
226, RIVASTIGMINE , 40 ,CCN(C)C(=O)OC1=CC=CC(=C1)[C@H](C)N(C)C
227, ZIPRASIDONE , 60 ,ClC1=C(CCN2CCN(CC2)C2=NSC3=CC=CC=C23)C=C2CC(=O)NC2=C1
228, MONTELUKAST , 64 ,OC(=O)CC1(CC1)CS[C@H](CCC1=CC=CC=C1C(O)(C)C)C1=CC=CC(\C=C\C2=NC3=C(C=CC(Cl)=C3)C=C2)=C1
229, FORMOTEROL , 61 ,COC1=CC=C(CC(C)NCC(O)C2=CC(NC=O)=C(O)C=C2)C=C1
230, TELMISARTAN , 58 ,CCCC1=NC2=C(C=C(C=C2C)C2=NC3=CC=CC=C3N2C)N1CC1=CC=C(C=C1)C1=CC=CC=C1C(O)=O
231, ZALEPLON , 30 ,CCN(C(C)=O)C1=CC=CC(=C1)C1=CC=NC2=C(C=NN12)C#N
232, DOFETILIDE , 90 ,CN(CCOC1=CC=C(NS(C)(=O)=O)C=C1)CCC1=CC=C(NS(C)(=O)=O)C=C1
233, GEMIFLOXACIN , 71 ,CO\N=C1/CN(CC1CN)C1=NC2=C(C=C1F)C(=O)C(=CN2C1CC1)C(O)=O
234, MELOXICAM , 89 ,CN1C(C(=O)NC2=NC=C(C)S2)=C(O)C2=C(C=CC=C2)S1(=O)=O
235, AMINOLEVULINIC ACID , 55 ,NCC(=O)CCC(O)=O
236, RABEPRAZOLE , 52 ,COCCCOC1=C(C)C(CS(=O)C2=NC3=CC=CC=C3N2)=NC=C1
237, PANTOPRAZOLE , 77 ,COC1=C(OC)C(CS(=O)C2=NC3=C(N2)C=C(OC(F)F)C=C3)=NC=C1
238, ELETRIPTAN , 50 ,CN1CCC[C@@H]1CC1=CNC2=C1C=C(CCS(=O)(=O)C1=CC=CC=C1)C=C2
239, CYCLOSPORINE , 30 ,CC[C@@H]1NC(=O)[C@H]([C@H](O)[C@H](C)C\C=C\C)N(C)C(=O)[C@H](C(C)C)N(C)C(=O)[C@H](CC(C)C)N(C)C(=O)[C@H](CC(C)C)N(C)C(=O)[C@@H](C)NC(=O)[C@H](C)NC(=O)[C@H](CC(C)C)N(C)C(=O)[C@@H](NC(=O)[C@H](CC(C)C)N(C)C(=O)CN(C)C1=O)C(C)C
240, RIFAPENTINE , 70 ,CO[C@H]1\C=C\O[C@@]2(C)OC3=C(C2=O)C2=C(C(O)=C3C)C(O)=C(NC(=O)\C(C)=C/C=C/[C@H](C)[C@H](O)[C@@H](C)[C@@H](O)[C@@H](C)[C@H](OC(C)=O)[C@@H]1C)C(\C=N\N1CCN(CC1)C1CCCC1)=C2O
241, TEMOZOLOMIDE , 100 ,CN1N=NC2=C(N=CN2C1=O)C(N)=O
242, LEVETIRACETAM , 100 ,CC[C@H](N1CCCC1=O)C(N)=O
243, ZANAMIVIR , 10.5 ,[H][C@]1(OC(=C[C@H](N=C(N)N)[C@H]1NC(C)=O)C(O)=O)[C@H](O)[C@H](O)CO
244, ROFECOXIB , 93 ,CS(=O)(=O)C1=CC=C(C=C1)C1=C(C(=O)OC1)C1=CC=CC=C1
245, KETOTIFEN , 60 ,CN1CCC(CC1)=C1C2=C(SC=C2)C(=O)CC2=CC=CC=C12
246, SIROLIMUS , 14 ,[H][C@@]1(C[C@@H](C)[C@]2([H])CC(=O)[C@H](C)\C=C(C)\[C@@H](O)[C@@H](OC)C(=O)[C@H](C)C[C@H](C)\C=C\C=C\C=C(C)\[C@H](C[C@]3([H])CC[C@@H](C)[C@@](O)(O3)C(=O)C(=O)N3CCCC[C@@]3([H])C(=O)O2)OC)CC[C@@H](O)[C@@H](C1)OC
247, MOXIFLOXACIN , 90 ,[H][C@]12CN(C[C@@]1([H])NCCC2)C1=C(F)C=C2C(=O)C(=CN(C3CC3)C2=C1OC)C(O)=O
248, DROSPIRENONE , 76 ,[H][C@@]12C[C@]1([H])[C@@]1([H])[C@]3([H])[C@]4([H])C[C@]4([H])[C@@]4(CCC(=O)O4)[C@@]3(C)CC[C@]1([H])[C@@]1(C)CCC(=O)C=C21
249, ALOSETRON , 55 ,CN1C2=C(C3=CC=CC=C13)C(=O)N(CC1=C(C)NC=N1)CC2
250, LEVOTHYROXINE , 94 ,N[C@@H](CC1=CC(I)=C(OC2=CC(I)=C(O)C(I)=C2)C(I)=C1)C(O)=O
251, ALFUZOSIN , 49 ,COC1=CC2=C(C=C1OC)C(N)=NC(=N2)N(C)CCCNC(=O)C1CCCO1
252, LINEZOLID , 100 ,CC(=O)NC[C@H]1CN(C(=O)O1)C1=CC(F)=C(C=C1)N1CCOCC1
253, VALGANCICLOVIR , 60 ,CC(C)[C@H](N)C(=O)OCC(CO)OCN1C=NC2=C1NC(N)=NC2=O
254, TELITHROMYCIN , 57 ,[H][C@@]12[C@@H](C)C(=O)[C@H](C)C[C@@](C)(OC)[C@H](O[C@@H]3O[C@H](C)C[C@@H]([C@H]3O)N(C)C)[C@@H](C)C(=O)[C@@H](C)C(=O)O[C@H](CC)[C@@]1(C)OC(=O)N2CCCCN1C=NC(=C1)C1=CC=CN=C1
255, GEMIFLOXACIN , 71 ,CO\N=C1/CN(CC1CN)C1=NC2=C(C=C1F)C(=O)C(=CN2C1CC1)C(O)=O
256, ETONOGESTREL , 100 ,[H][C@@]12CC[C@@](O)(C#C)[C@@]1(CC)CC(=C)[C@]1([H])[C@@]3([H])CCC(=O)C=C3CC[C@@]21[H]
257, CETRORELIX , 85 ,CC(C)C[C@H](NC(=O)[C@@H](CCCNC(N)=O)NC(=O)[C@H](CC1=CC=C(O)C=C1)NC(=O)[C@H](CO)NC(=O)[C@@H](CC1=CN=CC=C1)NC(=O)[C@@H](CC1=CC=C(Cl)C=C1)NC(=O)[C@@H](CC1=CC2=CC=CC=C2C=C1)NC(C)=O)C(=O)N[C@@H](CCCNC(N)=N)C(=O)N1CCC[C@H]1C(=O)N[C@H](C)C(N)=O
258, TEGASEROD , 10 ,CCCCCNC(=N)N\N=C\C1=CNC2=C1C=C(OC)C=C2
259, NATEGLINIDE , 73 ,CC(C)[C@H]1CC[C@@H](CC1)C(=O)N[C@H](CC1=CC=CC=C1)C(O)=O
260, NITISINONE , 90 ,[O-][N+](=O)C1=C(C=CC(=C1)C(F)(F)F)C(=O)C1C(=O)CCCC1=O
261, APOMORPHINE , 100 ,[H][C@]12CC3=C(C(O)=C(O)C=C3)C3=CC=CC(CCN1C)=C23
262, VORICONAZOLE , 96 ,C[C@@H](C1=NC=NC=C1F)[C@](O)(CN1C=NC=N1)C1=C(F)C=C(F)C=C1
263, TREPROSTINIL , 100 ,[H][C@]12C[C@@H](O)[C@H](CC[C@@H](O)CCCCC)[C@@]1([H])CC1=C(C2)C(OCC(O)=O)=CC=C1
264, ALFUZOSIN , 49 ,COC1=CC2=C(C=C1OC)C(N)=NC(=N2)N(C)CCCNC(=O)C1CCCO1
265, BOSENTAN , 50 ,COC1=CC=CC=C1OC1=C(NS(=O)(=O)C2=CC=C(C=C2)C(C)(C)C)N=C(N=C1OCCO)C1=NC=CC=N1
266, VALGANCICLOVIR , 60 ,CC(C)[C@H](N)C(=O)OCC(CO)OCN1C=NC2=C1NC(N)=NC2=O
267, DUTASTERIDE , 60 ,[H][C@@]1(CC[C@@]2([H])[C@]3([H])CC[C@@]4([H])NC(=O)C=C[C@]4(C)[C@@]3([H])CC[C@]12C)C(=O)NC1=CC(=CC=C1C(F)(F)F)C(F)(F)F
268, ERTAPENEM , 90 ,[H][C@]12[C@@H](C)C(S[C@]3([H])CN[C@@]([H])(C3)C(=O)NC3=CC=CC(=C3)C(O)=O)=C(N1C(=O)[C@]2([H])[C@@H](C)O)C(O)=O
269, VALDECOXIB , 83 ,CC1=C(C(=NO1)C1=CC=CC=C1)C1=CC=C(C=C1)S(N)(=O)=O
270, FONDAPARINUX , 100 ,CO[C@H]1O[C@H](COS(O)(=O)=O)[C@@H](O[C@@H]2O[C@H]([C@@H](O[C@H]3O[C@H](COS(O)(=O)=O)[C@@H](O[C@@H]4O[C@@H]([C@@H](O[C@H]5O[C@H](COS(O)(=O)=O)[C@@H](O)[C@H](O)[C@H]5NS(O)(=O)=O)[C@H](O)[C@H]4O)C(O)=O)[C@H](OS(O)(=O)=O)[C@H]3NS(O)(=O)=O)[C@H](O)[C@H]2OS(O)(=O)=O)C(O)=O)[C@H](O)[C@H]1NS(O)(=O)=O
271, MIGLUSTAT , 97 ,CCCCN1C[C@H](O)[C@@H](O)[C@H](O)[C@H]1CO
272, GATIFLOXACIN , 96 ,COC1=C2N(C=C(C(O)=O)C(=O)C2=CC(F)=C1N1CCNC(C)C1)C1CC1
273, ROSUVASTATIN , 20 ,CC(C)C1=NC(=NC(C2=CC=C(F)C=C2)=C1\C=C\[C@@H](O)C[C@@H](O)CC(=O)O)N(C)S(C)(=O)=O
274, PALONOSETRON , 97 ,[H][C@]12CCCC3=C1C(=CC=C3)C(=O)N(C2)[C@@H]1CN2CCC1CC2
275, GEFITINIB , 60 ,COC1=C(OCCCN2CCOCC2)C=C2C(NC3=CC(Cl)=C(F)C=C3)=NC=NC2=C1
276, VARDENAFIL , 15 ,CCCC1=NC(C)=C2N1NC(=NC2=O)C1=C(OCC)C=CC(=C1)S(=O)(=O)N1CCN(CC)CC1
277, ATOMOXETINE , 63 ,CNCC[C@@H](OC1=CC=CC=C1C)C1=CC=CC=C1
278, ACAMPROSATE , 11 ,CC(=O)NCCCS(O)(=O)=O
279, ARIPIPRAZOLE , 87 ,ClC1=CC=CC(N2CCN(CCCCOC3=CC4=C(CCC(=O)N4)C=C3)CC2)=C1Cl
280, EPLERENONE , 69 ,[H][C@@]12CC[C@@]3(CCC(=O)O3)[C@@]1(C)C[C@H]1O[C@@]11[C@@]2([H])[C@@H](CC2=CC(=O)CC[C@]12C)C(=O)OC
281, PREGABALIN , 90 ,CC(C)C[C@H](CN)CC(O)=O
282, IBANDRONATE , 0.6 ,CCCCCN(C)CCC(O)(P(O)(O)=O)P(O)(O)=O
283, RANOLAZINE , 76 ,COC1=CC=CC=C1OCC(O)CN1CCN(CC(=O)NC2=C(C)C=CC=C2C)CC1
284, GATIFLOXACIN , 96 ,COC1=C2N(C=C(C(O)=O)C(=O)C2=CC(F)=C1N1CCNC(C)C1)C1CC1
285, NITAZOXANIDE , 70 ,CC(=O)OC1=CC=CC=C1C(=O)NC1=NC=C(S1)[N+]([O-])=O
286, EMTRICITABINE , 75 ,NC1=NC(=O)N(C=C1F)[C@@H]1CS[C@H](CO)O1
287, RANOLAZINE , 76 ,COC1=CC=CC=C1OCC(O)CN1CCN(CC(=O)NC2=C(C)C=CC=C2C)CC1
288, TROSPIUM , 9.6 ,[H][C@]12CC[C@]([H])(C[C@@H](C1)OC(=O)C(O)(C1=CC=CC=C1)C1=CC=CC=C1)[N+]21CCCC1
289, CICLESONIDE , 22 ,[H][C@@]12C[C@@]3([H])[C@]4([H])CCC5=CC(=O)C=C[C@]5(C)[C@@]4([H])[C@@H](O)C[C@]3(C)[C@@]1(O[C@@H](O2)C1CCCCC1)C(=O)COC(=O)C(C)C
290, ERLOTINIB , 100 ,COCCOC1=CC2=C(C=C1OCCOC)C(NC1=CC(=CC=C1)C#C)=NC=N2
291, ALVIMOPAN , 6 ,C[C@H]1CN(C[C@H](CC2=CC=CC=C2)C(=O)NCC(O)=O)CC[C@@]1(C)C1=CC(O)=CC=C1
292, RAMELTEON , 1.8 ,CCC(=O)NCC[C@@H]1CCC2=C1C1=C(OCC1)C=C2
293, ENTECAVIR , 100 ,NC1=NC(=O)C2=C(N1)N(C=N2)[C@H]1C[C@H](O)[C@@H](CO)C1=C
294, QUININE , 82 ,[H][C@]1(C[C@@H]2CC[N@]1C[C@@H]2C=C)[C@H](O)C1=CC=NC2=CC=C(OC)C=C12
295, DEFERASIROX , 70 ,OC(=O)C1=CC=C(C=C1)N1N=C(N=C1C1=CC=CC=C1O)C1=CC=CC=C1O
296, TETRABENAZINE , 75 ,COC1=C(OC)C=C2C3CC(=O)C(CC(C)C)CN3CCC2=C1
297, VARENICLINE , 90 ,C1C2CNCC1C1=C2C=C2N=CC=NC2=C1
298, MARAVIROC , 28 ,CC(C)C1=NN=C(C)N1[C@H]1C[C@@H]2CC[C@H](C1)N2CC[C@H](NC(=O)C1CCC(F)(F)CC1)C1=CC=CC=C1
299, CEFACLOR , 85 ,[H][C@]12SCC(Cl)=C(N1C(=O)[C@H]2NC(=O)[C@H](N)C1=CC=CC=C1)C(O)=O
300, CILASTATIN , 95 ,CC1(C)C[C@@H]1C(=O)N\C(=C/CCCCSC[C@H](N)C(O)=O)C(O)=O
301, IMIPENEM , 75 ,[H][C@]12CC(SCC\N=C\N)=C(N1C(=O)[C@]2([H])[C@@H](C)O)C(O)=O
302, VANCOMYCIN , POORLY ,CN[C@H](CC(C)C)C(=O)N[C@@H]1[C@H](O)C2=CC=C(OC3=C(O[C@@H]4O[C@H](CO)[C@@H](O)[C@H](O)[C@H]4O[C@H]4C[C@](C)(N)[C@H](O)[C@H](C)O4)C4=CC(=C3)[C@@H](NC(=O)[C@H](CC(N)=O)NC1=O)C(=O)N[C@@H]1C3=CC(=C(O)C=C3)C3=C(O)C=C(O)C=C3[C@H](NC(=O)[C@@H](NC1=O)[C@H](O)C1=CC(Cl)=C(O4)C=C1)C(O)=O)C(Cl)=C2
303, CEFIXIME , 45 ,[H][C@]12SCC(C=C)=C(N1C(=O)[C@H]2NC(=O)C(=N/OCC(O)=O)\C1=CSC(N)=N1)C(O)=O
304, CEFPIRAMIDE , 87.5 ,[H][C@]12SCC(CSC3=NN=NN3C)=C(N1C(=O)[C@@]2([H])NC(=O)[C@H](NC(=O)C1=C(O)C=C(C)N=C1)C1=CC=C(O)C=C1)C(O)=O
305, CLARITHROMYCIN , 50 ,[H][C@@]1(C[C@@](C)(OC)[C@@H](O)[C@H](C)O1)O[C@H]1[C@H](C)[C@@H](O[C@]2([H])O[C@H](C)C[C@@H]([C@H]2O)N(C)C)[C@@](C)(C[C@@H](C)C(=O)[C@H](C)[C@@H](O)[C@](C)(O)[C@@H](CC)OC(=O)[C@@H]1C)OC
306, CEFPROZIL , 95 ,[H][C@]12SCC(C=CC)=C(N1C(=O)[C@@]2([H])NC(=O)[C@H](N)C1=CC=C(O)C=C1)C(O)=O
307, AZITHROMYCIN , 34 ,CC[C@H]1OC(=O)[C@H](C)[C@@H](O[C@H]2C[C@@](C)(OC)[C@@H](O)[C@H](C)O2)[C@H](C)[C@@H](O[C@@H]2O[C@H](C)C[C@@H]([C@H]2O)N(C)C)[C@](C)(O)C[C@@H](C)CN(C)[C@H](C)[C@@H](O)[C@]1(C)O
308, CEFEPIME , 82 ,CO\N=C(/C(=O)N[C@@H]1C(=O)N2[C@]1([H])SCC(C[N+]1(C)CCCC1)=C2C([O-])=O)C1=CSC(N)=N1
309, RIFABUTIN , 20 ,CO[C@H]1\C=C\O[C@@]2(C)OC3=C(C2=O)C2=C(C(O)=C3C)C(=O)C(NC(=O)\C(C)=C/C=C/[C@H](C)[C@H](O)[C@@H](C)[C@@H](O)[C@@H](C)[C@H](OC(C)=O)[C@@H]1C)=C1NC3(CCN(CC3)CC(C)C)N=C21
310, PYRAZINAMIDE , 96.8 ,NC(=O)C1=NC=CN=C1
311, TACROLIMUS , 18 ,CO[C@@H]1C[C@@H](CC[C@H]1O)\C=C(/C)[C@H]1OC(=O)[C@@H]2CCCCN2C(=O)C(=O)[C@]2(O)O[C@@H]([C@H](C[C@H]2C)OC)[C@H](C[C@@H](C)C\C(C)=C\[C@@H](CC=C)C(=O)C[C@H](O)[C@H]1C)OC
312, FOSFOMYCIN , 37 ,C[C@@H]1O[C@@H]1P(O)(O)=O
313, MYCOPHENOLATE MOFETIL , 94 ,COC1=C(C\C=C(/C)CCC(=O)OCCN2CCOCC2)C(O)=C2C(=O)OCC2=C1C
314, MYCOPHENOLIC ACID , 93 ,COC1=C(C\C=C(/C)CCC(O)=O)C(O)=C2C(=O)OCC2=C1C
315, AZACITIDINE , 89 ,NC1=NC(=O)N(C=N1)[C@@H]1O[C@H](CO)[C@@H](O)[C@H]1O
316, STREPTOMYCIN , 84 ,CN[C@H]1[C@H](O)[C@@H](O)[C@H](CO)O[C@H]1O[C@H]1[C@H](O[C@H]2[C@H](O)[C@@H](O)[C@H](NC(N)=N)[C@@H](O)[C@@H]2NC(N)=N)O[C@@H](C)[C@]1(O)C=O
317, DIGITOXIN , 70 ,[H][C@@]1(CC[C@]2(O)[C@]3([H])CC[C@]4([H])C[C@H](CC[C@]4(C)[C@@]3([H])CC[C@]12C)O[C@H]1C[C@H](O)[C@H](O[C@H]2C[C@H](O)[C@H](O[C@H]3C[C@H](O)[C@H](O)[C@@H](C)O3)[C@@H](C)O2)[C@@H](C)O1)C1=CC(=O)OC1
318, DRONEDARONE , 15 ,CCCCN(CCCC)CCCOC1=CC=C(C=C1)C(=O)C1=C(CCCC)OC2=C1C=C(NS(C)(=O)=O)C=C2
319, METHADONE , 68 ,CCC(=O)C(CC(C)N(C)C)(C1=CC=CC=C1)C1=CC=CC=C1
320, SECOBARBITAL , 90 ,CCCC(C)C1(CC=C)C(=O)NC(=O)NC1=O
321, CHLORTHALIDONE , 64 ,NS(=O)(=O)C1=C(Cl)C=CC(=C1)C1(O)NC(=O)C2=CC=CC=C12
322, BENZQUINAMIDE , 39 ,CCN(CC)C(=O)C1CN2CCC3=CC(OC)=C(OC)C=C3C2CC1OC(C)=O
323, MITOTANE , 40 ,ClC(Cl)C(C1=CC=C(Cl)C=C1)C1=CC=CC=C1Cl
324, LORAZEPAM , 90 ,OC1N=C(C2=CC=CC=C2Cl)C2=C(NC1=O)C=CC(Cl)=C2
325, TEMAZEPAM , 92 ,CN1C2=C(C=C(Cl)C=C2)C(=NC(O)C1=O)C1=CC=CC=C1
326, OXPRENOLOL , 46.5 ,CC(C)NCC(O)COC1=CC=CC=C1OCC=C
327, AMINOGLUTETHIMIDE , 100 ,CCC1(CCC(=O)NC1=O)C1=CC=C(N)C=C1
328, ATENOLOL , 50 ,CC(C)NCC(O)COC1=CC=C(CC(N)=O)C=C1
329, TOCAINIDE , 100 ,CC(N)C(=O)NC1=C(C)C=CC=C1C
330, PINDOLOL , 95 ,CC(C)NCC(O)COC1=CC=CC2=C1C=CN2
331, KETOPROFEN , 90 ,CC(C(O)=O)C1=CC(=CC=C1)C(=O)C1=CC=CC=C1
332, FLURBIPROFEN , 96 ,CC(C(O)=O)C1=CC(F)=C(C=C1)C1=CC=CC=C1
333, NIMODIPINE , 13 ,COCCOC(=O)C1=C(C)NC(C)=C(C1C1=CC(=CC=C1)[N+]([O-])=O)C(=O)OC(C)C
334, MEXILETINE , 90 ,CC(N)COC1=C(C)C=CC=C1C
335, ACEBUTOLOL , 40 ,CCCC(=O)NC1=CC=C(OCC(O)CNC(C)C)C(=C1)C(C)=O
336, ETODOLAC , 100 ,CCC1=C2NC3=C(CCOC3(CC)CC(O)=O)C2=CC=C1
337, IPRATROPIUM , 3 ,[H][C@]12CC[C@]([H])(C[C@@H](C1)OC(=O)C(CO)C1=CC=CC=C1)[N+]2(C)C(C)C
338, PROPAFENONE , 12 ,CCCNCC(O)COC1=C(C=CC=C1)C(=O)CCC1=CC=CC=C1
339, BETAXOLOL , 89 ,CC(C)NCC(O)COC1=CC=C(CCOCC2CC2)C=C1
340, AMLODIPINE , 77 ,CCOC(=O)C1=C(COCCN)NC(C)=C(C1C1=CC=CC=C1Cl)C(=O)OC
341, MIDODRINE , 100 ,COC1=CC(C(O)CNC(=O)CN)=C(OC)C=C1
342, FELODIPINE , 20 ,CCOC(=O)C1=C(C)NC(C)=C(C1C1=C(Cl)C(Cl)=CC=C1)C(=O)OC
343, BISOPROLOL , 80 ,CC(C)NCC(O)COC1=CC=C(COCCOC(C)C)C=C1
344, LOMEFLOXACIN , 97 ,CCN1C=C(C(O)=O)C(=O)C2=CC(F)=C(N3CCNC(C)C3)C(F)=C12
345, CARVEDILOL , 30 ,COC1=CC=CC=C1OCCNCC(O)COC1=CC=CC2=C1C1=CC=CC=C1N2
346, GREPAFLOXACIN , 70 ,CC1CN(CCN1)C1=C(F)C(C)=C2C(=O)C(=CN(C3CC3)C2=C1)C(O)=O
347, PHENTOLAMINE , 100 ,CC1=CC=C(C=C1)N(CC1=NCCN1)C1=CC(O)=CC=C1
348, DESMOPRESSIN , 3.7 ,NC(=O)CC[C@@H]1NC(=O)[C@H](CC2=CC=CC=C2)NC(=O)[C@H](CC2=CC=C(O)C=C2)NC(=O)CCSSC[C@H](NC(=O)[C@H](CC(N)=O)NC1=O)C(=O)N1CCC[C@H]1C(=O)N[C@H](CCCNC(N)=N)C(=O)NCC(N)=O
349, MORPHINE , 40 ,[H][C@@]12OC3=C(O)C=CC4=C3[C@@]11CCN(C)[C@]([H])(C4)[C@]1([H])C=C[C@@H]2O
350, NICOTINE , 53 ,CN1CCC[C@H]1C1=CN=CC=C1
351, BUTOCONAZOLE , 2 ,ClC1=CC=C(CCC(CN2C=CN=C2)SC2=C(Cl)C=CC=C2Cl)C=C1
352, BUTOCONAZOLE , 2 ,ClC1=CC=C(CCC(CN2C=CN=C2)SC2=C(Cl)C=CC=C2Cl)C=C1
353, DOXAZOSIN , 59 ,COC1=C(OC)C=C2C(N)=NC(=NC2=C1)N1CCN(CC1)C(=O)C1COC2=CC=CC=C2O1
354, DOXAZOSIN , 59 ,COC1=C(OC)C=C2C(N)=NC(=NC2=C1)N1CCN(CC1)C(=O)C1COC2=CC=CC=C2O1
355, NAFARELIN , 2.8 ,CC(C)C[C@H](NC(=O)[C@@H](CC1=CC2=C(C=CC=C2)C=C1)NC(=O)[C@H](CC1=CC=C(O)C=C1)NC(=O)[C@H](CO)NC(=O)[C@H](CC1=CNC2=CC=CC=C12)NC(=O)[C@H](CC1=CNC=N1)NC(=O)[C@@H]1CCC(=O)N1)C(=O)N[C@@H](CCCNC(N)=N)C(=O)N1CCC[C@H]1C(=O)NCC(N)=O
356, SUMATRIPTAN , 97 ,CNS(=O)(=O)CC1=CC=C2NC=C(CCN(C)C)C2=C1
357, PENTOSAN POLYSULFATE , 6 ,O[C@@H]1CO[C@@H](O[C@@H]2CO[C@@H](O)[C@H](OS(O)(=O)=O)[C@H]2OS(O)(=O)=O)[C@H](OS(O)(=O)=O)[C@H]1OS(O)(=O)=O
358, SAQUINAVIR , 4 ,[H][C@@]12CCCC[C@]1([H])CN(C[C@@H](O)[C@H](CC1=CC=CC=C1)NC(=O)[C@H](CC(N)=O)NC(=O)C1=NC3=C(C=CC=C3)C=C1)[C@@H](C2)C(=O)NC(C)(C)C
359, QUETIAPINE , 100 ,OCCOCCN1CCN(CC1)C1=NC2=CC=CC=C2SC2=CC=CC=C12
360, PRAMIPEXOLE , 90 ,CCCN[C@H]1CCC2=C(C1)SC(N)=N2
361, DELAVIRDINE , 85 ,CC(C)NC1=C(N=CC=C1)N1CCN(CC1)C(=O)C1=CC2=C(N1)C=CC(NS(C)(=O)=O)=C2
362, EPROSARTAN , 13 ,CCCCC1=NC=C(\C=C(/CC2=CC=CS2)C(O)=O)N1CC1=CC=C(C=C1)C(O)=O
363, CITALOPRAM , 80 ,CN(C)CCCC1(OCC2=C1C=CC(=C2)C#N)C1=CC=C(F)C=C1
364, ESCITALOPRAM , 80 ,CN(C)CCC[C@]1(OCC2=C1C=CC(=C2)C#N)C1=CC=C(F)C=C1
365, CLOPIDOGREL , 50 ,[H][C@@](N1CCC2=C(C1)C=CS2)(C(=O)OC)C1=CC=CC=C1Cl
366, RIZATRIPTAN , 45 ,CN(C)CCC1=CNC2=C1C=C(CN1C=NC=N1)C=C2
367, SILDENAFIL , 41 ,CCCC1=NN(C)C2=C1N=C(NC2=O)C1=CC(=CC=C1OCC)S(=O)(=O)N1CCN(C)CC1
368, ABACAVIR , 83 ,NC1=NC2=C(N=CN2[C@@H]2C[C@H](CO)C=C2)C(NC2CC2)=N1
369, ALMOTRIPTAN , 70 ,CN(C)CCC1=CNC2=C1C=C(CS(=O)(=O)N1CCCC1)C=C2
370, FROVATRIPTAN , 25 ,CN[C@@H]1CCC2=C(C1)C1=C(N2)C=CC(=C1)C(N)=O
371, ROSIGLITAZONE , 99 ,CN(CCOC1=CC=C(CC2SC(=O)NC2=O)C=C1)C1=CC=CC=N1
372, ROSIGLITAZONE , 99 ,CN(CCOC1=CC=C(CC2SC(=O)NC2=O)C=C1)C1=CC=CC=N1
373, GALANTAMINE , 90 ,[H][C@]12C[C@@H](O)C=C[C@]11CCN(C)CC3=C1C(O2)=C(OC)C=C3
374, IMATINIB , 98 ,CN1CCN(CC2=CC=C(C=C2)C(=O)NC2=CC(NC3=NC=CC(=N3)C3=CN=CC=C3)=C(C)C=C2)CC1
375, TIOTROPIUM , 19.5 ,[H][C@]12O[C@@]1([H])[C@]1([H])C[C@@]([H])(C[C@@]2([H])[N+]1(C)C)OC(=O)C(O)(C1=CC=CS1)C1=CC=CS1
376, DARIFENACIN , 19 ,NC(=O)C([C@@H]1CCN(CCC2=CC3=C(OCC3)C=C2)C1)(C1=CC=CC=C1)C1=CC=CC=C1
377, SOLIFENACIN , 90 ,O=C(O[C@H]1CN2CCC1CC2)N1CCC2=CC=CC=C2[C@@H]1C1=CC=CC=C1
378, RASAGILINE , 36 ,C#CCN[C@@H]1CCC2=CC=CC=C12
379, SORAFENIB , 43.5 ,CNC(=O)C1=NC=CC(OC2=CC=C(NC(=O)NC3=CC(=C(Cl)C=C3)C(F)(F)F)C=C2)=C1
380, DARUNAVIR , 59 ,[H][C@@]12CCO[C@]1([H])OC[C@@H]2OC(=O)N[C@@H](CC1=CC=CC=C1)[C@H](O)CN(CC(C)C)S(=O)(=O)C1=CC=C(N)C=C1
381, ALISKIREN , 2.5 ,COCCCOC1=C(OC)C=CC(C[C@@H](C[C@H](N)[C@@H](O)C[C@@H](C(C)C)C(=O)NCC(C)(C)C(N)=O)C(C)C)=C1
382, SITAGLIPTIN , 87 ,N[C@@H](CC(=O)N1CCN2C(C1)=NN=C2C(F)(F)F)CC1=CC(F)=C(F)C=C1F
383, BACITRACIN , 100 ,CC[C@H](C)[C@H](N)C1=N[C@@H](CS1)C(=O)N[C@@H](CC(C)C)C(=O)N[C@H](CCC(O)=O)C(=O)N[C@@H]([C@@H](C)CC)C(=O)N[C@H]1CCCCNC(=O)[C@H](CC(N)=O)NC(=O)[C@@H](CC(O)=O)NC(=O)[C@H](CC2=CNC=N2)NC(=O)[C@@H](CC2=CC=CC=C2)NC(=O)[C@@H](NC(=O)[C@@H](CCCN)NC1=O)[C@@H](C)CC
384, BLEOMYCIN , 72.5 ,[H][C@](C)(NC(=O)[C@@]([H])(NC(=O)C1=NC(=NC(N)=C1C)[C@H](CC(N)=O)NC[C@H](N)C(N)=O)[C@@]([H])(OC1OC(CO)C(O)C(O)C1OC1OC(CO)C(O)C(OC(N)=O)C1O)C1=CNC=N1)[C@@H](O)[C@H](C)C(=O)N[C@]([H])(C(=O)NCCC1=NC(=CS1)C1=NC(=CS1)C(=O)NCCC[S+](C)C)[C@@]([H])(C)O
385, ESTRAMUSTINE PHOSPHATE , 70 ,[H][C@@]12CC[C@H](OP(O)(O)=O)[C@@]1(C)CC[C@]1([H])C3=C(CC[C@@]21[H])C=C(OC(=O)N(CCCl)CCCl)C=C3
386, DRONABINOL , 92.5 ,[H][C@@]12C=C(C)CC[C@@]1([H])C(C)(C)OC1=C2C(O)=CC(CCCCC)=C1
387, HISTRELIN , 92 ,CC(O)=O.CC(O)=O.CCNC(=O)[C@@H]1CCCN1C(=O)[C@H](CCCNC(N)=N)NC(=O)[C@H](CC(C)C)NC(=O)[C@@H](CC1=CN(CC2=CC=CC=C2)C=N1)NC(=O)[C@H](CC1=CC=C(O)C=C1)NC(=O)[C@H](CO)NC(=O)[C@H](CC1=CNC2=C1C=CC=C2)NC(=O)[C@H](CC1=CNC=N1)NC(=O)[C@@H]1CCC(=O)N1
388, FLUTICASONE FUROATE , 1.26 ,[H][C@@]12C[C@@H](C)[C@](OC(=O)C3=CC=CO3)(C(=O)SCF)[C@@]1(C)C[C@H](O)[C@@]1(F)[C@@]2([H])C[C@H](F)C2=CC(=O)C=C[C@]12C
389, NALMEFENE , 99 ,[H][C@@]12OC3=C(O)C=CC4=C3[C@@]11CCN(CC3CC3)[C@]([H])(C4)[C@]1(O)CCC2=C
390, GANIRELIX , 91.1 ,CCNC(NCC)=NCCCC[C@@H](NC(=O)[C@H](CC1=CC=C(O)C=C1)NC(=O)[C@H](CO)NC(=O)[C@@H](CC1=CC=CN=C1)NC(=O)[C@@H](CC1=CC=C(Cl)C=C1)NC(=O)[C@@H](CC1=CC2=CC=CC=C2C=C1)NC(C)=O)C(=O)N[C@@H](CC(C)C)C(=O)N[C@@H](CCCCN=C(NCC)NCC)C(=O)N1CCC[C@H]1C(=O)N[C@H](C)C(N)=O
391, DEXMETHYLPHENIDATE , 23.5 ,[H][C@@](C(=O)OC)(C1=CC=CC=C1)[C@@]1([H])CCCCN1
392, DESVENLAFAXINE , 80 ,CN(C)CC(C1=CC=C(O)C=C1)C1(O)CCCCC1
393, DESVENLAFAXINE , 80 ,CN(C)CC(C1=CC=C(O)C=C1)C1(O)CCCCC1
394, LANREOTIDE , 78.4 ,[H]N([H])CCCCC1N([H])C(=O)C(CC2=CN([H])C3=CC=CC=C23)N([H])C(=O)C(CC2=CC=C(O)C=C2)N([H])C(=O)C(CSSCC(N([H])C(=O)C(N([H])C1=O)C(C)C)C(=O)N([H])C(C(C)O)C(=O)N([H])[H])N([H])C(=O)C(CC1=CC2=CC=CC=C2C=C1)N([H])[H]
395, RALTEGRAVIR , 60 ,CN1C(=O)C(O)=C(N=C1C(C)(C)NC(=O)C1=NN=C(C)O1)C(=O)NCC1=CC=C(F)C=C1
396, ELTROMBOPAG , 52 ,CC1=NN(C(=O)\C1=N/NC1=CC=CC(C2=CC=CC(=C2)C(O)=O)=C1O)C1=CC=C(C)C(C)=C1
397, RUFINAMIDE , 85 ,NC(=O)C1=CN(CC2=C(F)C=CC=C2F)N=N1
398, LACOSAMIDE , 100 ,COC[C@@H](NC(C)=O)C(=O)NCC1=CC=CC=C1
399, BENZQUINAMIDE , 39 ,CCN(CC)C(=O)C1CN2CCC3=CC(OC)=C(OC)C=C3C2CC1OC(C)=O
400, METHYLPHENIDATE , 23.5 ,COC(=O)C(C1CCCCN1)C1=CC=CC=C1
401, METHYLPHENIDATE , 23.5 ,COC(=O)C(C1CCCCN1)C1=CC=CC=C1
402, PRASUGREL , 79 ,CC(=O)OC1=CC2=C(CCN(C2)C(C(=O)C2CC2)C2=CC=CC=C2F)S1
403, PITAVASTATIN , 51 ,O[C@H](C[C@H](O)\C=C\C1=C(N=C2C=CC=CC2=C1C1=CC=C(F)C=C1)C1CC1)CC(O)=O
404, ASENAPINE , 35 ,OC(=O)\C=C/C(O)=O.CN1CC2C(C1)C1=C(OC3=CC=CC=C23)C=CC(Cl)=C1
405, DALFAMPRIDINE , 96 ,NC1=CC=NC=C1
406, FENOFIBRIC ACID , 81 ,CC(C)(OC1=CC=C(C=C1)C(=O)C1=CC=C(Cl)C=C1)C(O)=O
407, TENOFOVIR , 25 ,C[C@H](CN1C=NC2=C1N=CN=C2N)OCP(O)(O)=O
408, PRASUGREL , 79 ,CC(=O)OC1=CC2=C(CCN(C2)C(C(=O)C2CC2)C2=CC=CC=C2F)S1
409, DIENOGEST , 91 ,[H][C@@]12CC[C@@](O)(CC#N)[C@@]1(C)CCC1=C3CCC(=O)C=C3CC[C@@]21[H]
410, FINGOLIMOD , 93 ,CCCCCCCCC1=CC=C(CCC(N)(CO)CO)C=C1
411, EZOGABINE , 60 ,CCOC(=O)NC1=C(N)C=C(NCC2=CC=C(F)C=C2)C=C1
412, ROFLUMILAST , 80 ,FC(F)OC1=C(OCC2CC2)C=C(C=C1)C(=O)NC1=C(Cl)C=NC=C1Cl
413, VILAZODONE , 72 ,NC(=O)C1=CC2=CC(=CC=C2O1)N1CCN(CCCCC2=CNC3=C2C=C(C=C3)C#N)CC1
414, LINAGLIPTIN , 30 ,CC#CCN1C(=NC2=C1C(=O)N(CC1=NC3=C(C=CC=C3)C(C)=N1)C(=O)N2C)N1CCC[C@@H](N)C1
415, ICATIBANT , 97 ,[H][C@]12C[C@]([H])(N(C(=O)[C@@]3([H])CC4=C(CN3C(=O)[C@H](CO)NC(=O)[C@H](CC3=CC=CS3)NC(=O)CNC(=O)[C@]3([H])C[C@@H](O)CN3C(=O)[C@@H]3CCCN3C(=O)[C@H](CCCNC(N)=N)NC(=O)[C@H](N)CCCNC(N)=N)C=CC=C4)[C@@]1([H])CCCC2)C(=O)N[C@@H](CCCNC(N)=N)C(O)=O
416, INDACATEROL , 44 ,CCC1=C(CC)C=C2CC(CC2=C1)NC[C@H](O)C1=C2C=CC(=O)NC2=C(O)C=C1
417, RIVAROXABAN , 90 ,ClC1=CC=C(S1)C(=O)NC[C@H]1CN(C(=O)O1)C1=CC=C(C=C1)N1CCOCC1=O
418, TICAGRELOR , 36 ,CCCSC1=NC2=C(N=NN2[C@@H]2C[C@H](OCCO)[C@@H](O)[C@H]2O)C(N[C@@H]2C[C@H]2C2=CC(F)=C(F)C=C2)=N1
419, CLOBAZAM , 100 ,CN1C2=C(C=C(Cl)C=C2)N(C2=CC=CC=C2)C(=O)CC1=O
420, AXITINIB , 58 ,CNC(=O)C1=C(SC2=CC=C3C(NN=C3\C=C\C3=CC=CC=N3)=C2)C=CC=C1
421, CRIZOTINIB , 43 ,C[C@@H](OC1=CC(=CN=C1N)C1=CN(N=C1)C1CCNCC1)C1=C(Cl)C=CC(F)=C1Cl
422, VISMODEGIB , 31.8 ,CS(=O)(=O)C1=CC(Cl)=C(C=C1)C(=O)NC1=CC=C(Cl)C(=C1)C1=CC=CC=N1
423, DABIGATRAN , 5 ,CN1C(CNC2=CC=C(C=C2)C(N)=N)=NC2=C1C=CC(=C2)C(=O)N(CCC(O)=O)C1=NC=CC=C1
424, CANDESARTAN , 15 ,CCOC1=NC2=CC=CC(C(O)=O)=C2N1CC1=CC=C(C=C1)C1=CC=CC=C1C1=NN=NN1
425, APIXABAN , 50 ,COC1=CC=C(C=C1)N1N=C(C(N)=O)C2=C1C(=O)N(CC2)C1=CC=C(C=C1)N1CCCCC1=O
426, LOMITAPIDE , 7 ,FC(F)(F)CNC(=O)C1(CCCCN2CCC(CC2)NC(=O)C2=C(C=CC=C2)C2=CC=C(C=C2)C(F)(F)F)C2=CC=CC=C2C2=CC=CC=C12
427, TERIFLUNOMIDE , 80 ,C\C(O)=C(/C#N)C(=O)NC1=CC=C(C=C1)C(F)(F)F
428, MIRABEGRON , 29 ,NC1=NC(CC(=O)NC2=CC=C(CCNC[C@H](O)C3=CC=CC=C3)C=C2)=CS1
429, REGORAFENIB , 76 ,CNC(=O)C1=CC(OC2=CC(F)=C(NC(=O)NC3=CC=C(Cl)C(=C3)C(F)(F)F)C=C2)=CC=N1
430, ACLIDINIUM , 6 ,OC(C(=O)O[C@H]1C[N+]2(CCCOC3=CC=CC=C3)CCC1CC2)(C1=CC=CS1)C1=CC=CS1
431, TOFACITINIB , 74 ,[H][C@@]1(C)CCN(C[C@]1([H])N(C)C1=NC=NC2=C1C=CN2)C(=O)CC#N
432, DABRAFENIB , 95 ,CC(C)(C)C1=NC(=C(S1)C1=NC(N)=NC=C1)C1=C(F)C(NS(=O)(=O)C2=C(F)C=CC=C2F)=CC=C1
433, TRAMETINIB , 72 ,CN1C(=O)C(C)=C2N(C(=O)N(C3CC3)C(=O)C2=C1NC1=CC=C(I)C=C1F)C1=CC(NC(C)=O)=CC=C1
434, ALOGLIPTIN , 100 ,CN1C(=O)C=C(N2CCC[C@@H](N)C2)N(CC2=C(C=CC=C2)C#N)C1=O
435, CANAGLIFLOZIN , 65 ,[H][C@]1(O[C@H](CO)[C@@H](O)[C@H](O)[C@H]1O)C1=CC=C(C)C(CC2=CC=C(S2)C2=CC=C(F)C=C2)=C1
436, VILANTEROL , 27.3 ,OCC1=C(O)C=CC(=C1)[C@@H](O)CNCCCCCCOCCOCC1=C(Cl)C=CC=C1Cl
437, RIOCIGUAT , 94 ,COC(=O)N(C)C1=C(N)N=C(N=C1N)C1=NN(CC2=C(F)C=CC=C2)C2=C1C=CC=N2
438, VORTIOXETINE , 75 ,CC1=CC=C(SC2=CC=CC=C2N2CCNCC2)C(C)=C1
439, AFATINIB , 92 ,CN(C)C\C=C\C(=O)NC1=C(O[C@H]2CCOC2)C=C2N=CN=C(NC3=CC(Cl)=C(F)C=C3)C2=C1
440, LEVOMILNACIPRAN , 92 ,CCN(CC)C(=O)[C@]1(C[C@H]1CN)C1=CC=CC=C1
441, SIMEPREVIR , 62 ,[H][C@]12C[C@]1(NC(=O)[C@]1([H])C[C@H](C[C@@]1([H])C(=O)N(C)CCCC\C=C/2)OC1=CC(=NC2=C1C=CC(OC)=C2C)C1=NC(=CS1)C(C)C)C(=O)NS(=O)(=O)C1CC1
442, BAZEDOXIFENE , 6 ,CC1=C(N(CC2=CC=C(OCCN3CCCCCC3)C=C2)C2=C1C=C(O)C=C2)C1=CC=C(O)C=C1
443, CEFPODOXIME , 45 ,[H][C@]12SCC(COC)=C(N1C(=O)[C@H]2NC(=O)C(=N/OC)\C1=CSC(N)=N1)C(O)=O
444, CEFPROZIL , 95 ,[H][C@]12SCC(C=CC)=C(N1C(=O)[C@@]2([H])NC(=O)[C@H](N)C1=CC=C(O)C=C1)C(O)=O
445, ADEFOVIR , 59 ,NC1=C2N=CN(CCOCP(O)(O)=O)C2=NC=N1
446, OLMESARTAN , 26 ,CCCC1=NC(=C(N1CC1=CC=C(C=C1)C1=C(C=CC=C1)C1=NN=NN1)C(O)=O)C(C)(C)O
447, TRANDOLAPRILAT , 70 ,[H][C@@](C)(N[C@@]([H])(CCC1=CC=CC=C1)C(O)=O)C(=O)N1[C@@]([H])(C[C@@]2([H])CCCC[C@]12[H])C(O)=O
448, NISOLDIPINE , 5 ,COC(=O)C1=C(C)NC(C)=C(C1C1=CC=CC=C1[N+]([O-])=O)C(=O)OCC(C)C
449, TRAMADOL , 75 ,COC1=CC=CC(=C1)[C@@]1(O)CCCC[C@@H]1CN(C)C
450, TRAMADOL , 75 ,COC1=CC=CC(=C1)[C@@]1(O)CCCC[C@@H]1CN(C)C
451, TRAMADOL , 75 ,COC1=CC=CC(=C1)[C@@]1(O)CCCC[C@@H]1CN(C)C
452, PERINDOPRILAT , 25 ,[H][C@]12C[C@H](N(C(=O)[C@H](C)N[C@@H](CCC)C(O)=O)[C@@]1([H])CCCC2)C(O)=O
453, FLUDARABINE , 57 ,NC1=NC(F)=NC2=C1N=CN2[C@@H]1O[C@H](CO)[C@@H](O)[C@@H]1O
454, RAMIPRILAT , 44 ,[H][C@@]12CCC[C@]1([H])N([C@@H](C2)C(O)=O)C(=O)[C@H](C)N[C@@H](CCC1=CC=CC=C1)C(O)=O
455, LABETALOL , 25 ,CC(CCC1=CC=CC=C1)NCC(O)C1=CC(C(N)=O)=C(O)C=C1
456, LABETALOL , 25 ,CC(CCC1=CC=CC=C1)NCC(O)C1=CC(C(N)=O)=C(O)C=C1
457, LABETALOL , 25 ,CC(CCC1=CC=CC=C1)NCC(O)C1=CC(C(N)=O)=C(O)C=C1
458, VORAPAXAR , 100 ,[H][C@@]12C[C@]3([H])C[C@@H](CC[C@@]3([H])[C@H](\C=C\C3=CC=C(C=N3)C3=CC(F)=CC=C3)[C@]1([H])[C@@H](C)OC2=O)NC(=O)OCC
459, APREMILAST , 73 ,CCOC1=CC(=CC=C1OC)[C@@H](CS(C)(=O)=O)N1C(=O)C2=CC=CC(NC(C)=O)=C2C1=O
460, TEDIZOLID , 91 ,CN1N=NC(=N1)C1=NC=C(C=C1)C1=C(F)C=C(C=C1)N1C[C@H](CO)OC1=O
461, DAPAGLIFLOZIN , 78 ,CCOC1=CC=C(CC2=C(Cl)C=CC(=C2)[C@@H]2O[C@H](CO)[C@@H](O)[C@H](O)[C@H]2O)C=C1
462, SUVOREXANT , 82 ,[H][C@@]1(C)CCN(CCN1C(=O)C1=C(C=CC(C)=C1)N1N=CC=N1)C1=NC2=C(O1)C=CC(Cl)=C2
463, OMBITASVIR , 48.1 ,COC(=O)N[C@@H](C(C)C)C(=O)N1CCC[C@H]1C(=O)NC1=CC=C(C=C1)[C@@H]1CC[C@H](N1C1=CC=C(C=C1)C(C)(C)C)C1=CC=C(NC(=O)[C@@H]2CCCN2C(=O)[C@@H](NC(=O)OC)C(C)C)C=C1
464, DASABUVIR , 70 ,COC1=C(C=C(C=C1C1=CC2=CC=C(NS(C)(=O)=O)C=C2C=C1)N1C=CC(=O)NC1=O)C(C)(C)C
465, TASIMELTEON , 38.3 ,CCC(=O)NC[C@@H]1C[C@H]1C1=CC=CC2=C1CCO2
466, NINTEDANIB , 4.7 ,COC(=O)C1=CC=C2C(NC(=O)\C2=C(/NC2=CC=C(C=C2)N(C)C(=O)CN2CCN(C)CC2)C2=CC=CC=C2)=C1
467, OLODATEROL , 30 ,COC1=CC=C(CC(C)(C)NC[C@H](O)C2=C3OCC(=O)NC3=CC(O)=C2)C=C1
468, EDOXABAN , 62 ,CN(C)C(=O)[C@H]1CC[C@H](NC(=O)C(=O)NC2=NC=C(Cl)C=C2)[C@@H](C1)NC(=O)C1=NC2=C(CN(C)CC2)S1
469, PANOBINOSTAT , 21 ,CC1=C(CCNCC2=CC=C(\C=C\C(=O)NO)C=C2)C2=CC=CC=C2N1
470, PALBOCICLIB , 46 ,CC(=O)C1=C(C)C2=CN=C(NC3=NC=C(C=C3)N3CCNCC3)N=C2N(C2CCCC2)C1=O
471, LENVATINIB , 85 ,COC1=C(C=C2C(OC3=CC=C(NC(=O)NC4CC4)C(Cl)=C3)=CC=NC2=C1)C(N)=O
472, SONIDEGIB , 10 ,[H][C@]1(C)CN(C[C@@]([H])(C)O1)C1=CC=C(NC(=O)C2=CC=CC(=C2C)C2=CC=C(OC(F)(F)F)C=C2)C=N1
473, BREXPIPRAZOLE , 95 ,O=C1NC2=CC(OCCCCN3CCN(CC3)C3=C4C=CSC4=CC=C3)=CC=C2C=C1
474, IVABRADINE , 40 ,COC1=C(OC)C=C2[C@@H](CN(C)CCCN3CCC4=CC(OC)=C(OC)C=C4CC3=O)CC2=C1
475, DACLATASVIR , 67 ,COC(=O)N[C@@H](C(C)C)C(=O)N1CCC[C@H]1C1=NC=C(N1)C1=CC=C(C=C1)C1=CC=C(C=C1)C1=CN=C(N1)[C@@H]1CCCN1C(=O)[C@@H](NC(=O)OC)C(C)C
476, ISAVUCONAZOLE , 98 ,C[C@@H](C1=NC(=CS1)C1=CC=C(C=C1)C#N)[C@](O)(CN1C=NC=N1)C1=C(F)C=CC(F)=C1
477, SACUBITRIL , 60 ,CCOC(=O)[C@H](C)C[C@@H](CC1=CC=C(C=C1)C1=CC=CC=C1)NC(=O)CCC(O)=O
478, FLIBANSERIN , 33 ,FC(F)(F)C1=CC(=CC=C1)N1CCN(CCN2C(=O)NC3=CC=CC=C23)CC1
479, COBIMETINIB , 46 ,OC1(CN(C1)C(=O)C1=C(NC2=C(F)C=C(I)C=C2)C(F)=C(F)C=C1)[C@@H]1CCCCN1
480, LESINURAD , 100 ,OC(=O)CSC1=NN=C(Br)N1C1=CC=C(C2CC2)C2=C1C=CC=C2
481, ALECTINIB , 37 ,CCC1=CC2=C(C=C1N1CCC(CC1)N1CCOCC1)C(C)(C)C1=C(C3=CC=C(C=C3N1)C#N)C2=O
482, IXAZOMIB , 58 ,CC(C)C[C@H](NC(=O)CNC(=O)C1=CC(Cl)=CC=C1Cl)B(O)O
483, RUCAPARIB , 36 ,CNCC1=CC=C(C=C1)C1=C2CCNC(=O)C3=C2C(N1)=CC(F)=C3
484, SAFINAMIDE , 95 ,C[C@H](NCC1=CC=C(OCC2=CC(F)=CC=C2)C=C1)C(N)=O
485, BETRIXABAN , 34 ,COC1=CC=C(NC(=O)C2=CC=C(C=C2)C(=N)N(C)C)C(=C1)C(=O)NC1=CC=C(Cl)C=N1
486, NIRAPARIB , 73 ,NC(=O)C1=CC=CC2=CN(N=C12)C1=CC=C(C=C1)[C@@H]1CCCNC1
487, DELAFLOXACIN , 58.8 ,NC1=NC(N2C=C(C(O)=O)C(=O)C3=CC(F)=C(N4CC(O)C4)C(Cl)=C23)=C(F)C=C1F
488, ENASIDENIB , 57 ,CC(C)(O)CNC1=NC(=NC(NC2=CC(=NC=C2)C(F)(F)F)=N1)C1=NC(=CC=C1)C(F)(F)F
489, VALBENAZINE , 49 ,COC1=C(OC)C=C2[C@H]3C[C@@H](OC(=O)[C@@H](N)C(C)C)[C@H](CC(C)C)CN3CCC2=C1
490, BARICITINIB , 80 ,CCS(=O)(=O)N1CC(CC#N)(C1)N1C=C(C=N1)C1=C2C=CNC2=NC=N1
491, ABEMACICLIB , 45 ,CCN1CCN(CC2=CC=C(NC3=NC=C(F)C(=N3)C3=CC(F)=C4N=C(C)N(C(C)C)C4=C3)N=C2)CC1
492, LOFEXIDINE , 72 ,CC(OC1=C(Cl)C=CC=C1Cl)C1=NCCN1
493, LOFEXIDINE , 72 ,CC(OC1=C(Cl)C=CC=C1Cl)C1=NCCN1
494, LETERMOVIR , 94 ,COC1=CC=CC(=C1)N1CCN(CC1)C1=NC2=C(C=CC=C2F)[C@H](CC(O)=O)N1C1=CC(=CC=C1OC)C(F)(F)F
495, ACALABRUTINIB , 25 ,CC#CC(=O)N1CCC[C@H]1C1=NC(=C2N1C=CN=C2N)C1=CC=C(C=C1)C(=O)NC1=CC=CC=N1
496, APALUTAMIDE , 100 ,CNC(=O)C1=CC=C(C=C1F)N1C(=S)N(C(=O)C11CCC1)C1=CC(=C(N=C1)C#N)C(F)(F)F
497, MIGALASTAT , 75 ,OC[C@H]1NC[C@H](O)[C@@H](O)[C@H]1O
498, OMADACYCLINE , 34.5 ,[H][C@@]12CC3=C(C=C(CNCC(C)(C)C)C(O)=C3C(=O)C1=C(O)[C@]1(O)C(=O)C(C(N)=O)=C(O)[C@@H](N(C)C)[C@]1([H])C2)N(C)C
499, SIPONIMOD , 84 ,CCC1=CC(=CC=C1CN1CC(C1)C(O)=O)C(\C)=N\OCC1=CC=C(C2CCCCC2)C(=C1)C(F)(F)F
500, PRUCALOPRIDE , 90 ,COCCCN1CCC(CC1)NC(=O)C1=C2OCCC2=C(N)C(Cl)=C1
501, ENCORAFENIB , 86 ,COC(=O)N[C@@H](C)CNC1=NC=CC(=N1)C1=CN(N=C1C1=CC(Cl)=CC(NS(C)(=O)=O)=C1F)C(C)C
502, BINIMETINIB , 50 ,CN1C=NC2=C(F)C(NC3=CC=C(Br)C=C3F)=C(C=C12)C(=O)NOCCO
503, REVEFENACIN , 3 ,CN(CCN1CCC(CC1)OC(=O)NC1=CC=CC=C1C1=CC=CC=C1)C(=O)C1=CC=C(CN2CCC(CC2)C(N)=O)C=C1
504, GLASDEGIB , 77 ,CN1CC[C@H](C[C@@H]1C1=NC2=CC=CC=C2N1)NC(=O)NC1=CC=C(C=C1)C#N
505, DORAVIRINE , 64 ,CN1C(=O)NN=C1CN1C=CC(=C(OC2=CC(=CC(Cl)=C2)C#N)C1=O)C(F)(F)F
506, LAROTRECTINIB , 34 ,O[C@H]1CCN(C1)C(=O)NC1=C2N=C(C=CN2N=C1)N1CCC[C@@H]1C1=C(F)C=CC(F)=C1
507, LORLATINIB , 81 ,C[C@H]1OC2=C(N)N=CC(=C2)C2=C(C#N)N(C)N=C2CN(C)C(=O)C2=C1C=C(F)C=C2
508, RIFAMYCIN , 0.1 ,CO[C@H]1\C=C\O[C@@]2(C)OC3=C(C)C(O)=C4C(O)=C(NC(=O)\C(C)=C/C=C/[C@H](C)[C@H](O)[C@@H](C)[C@@H](O)[C@@H](C)[C@H](OC(C)=O)[C@@H]1C)C=C(O)C4=C3C2=O
509, DUVELISIB , 42 ,C[C@H](NC1=C2N=CNC2=NC=N1)C1=CC2=CC=CC(Cl)=C2C(=O)N1C1=CC=CC=C1
510, SOLRIAMFETOL , 95 ,N[C@@H](COC(N)=O)CC1=CC=CC=C1
511, DACOMITINIB , 80 ,COC1=C(NC(=O)\C=C\CN2CCCCC2)C=C2C(NC3=CC(Cl)=C(F)C=C3)=NC=NC2=C1
512, LUMATEPERONE , 4.4 ,[H][C@]12CCN(CCCC(=O)C3=CC=C(F)C=C3)C[C@@]1([H])C1=CC=CC3=C1N2CCN3C
513, BREMELANOTIDE , 100 ,CCCC[C@H](NC(C)=O)C(=O)N[C@H]1CC(=O)NCCCC[C@H](NC(=O)[C@H](CC2=CNC3=CC=CC=C23)NC(=O)[C@H](CCCNC(N)=N)NC(=O)[C@@H](CC2=CC=CC=C2)NC(=O)[C@H](CC2=CN=CN2)NC1=O)C(O)=O
514, PITOLISANT , 90 ,ClC1=CC=C(CCCOCCCN2CCCCC2)C=C1
515, LEFAMULIN , 25 ,[H][C@@]12C(=O)CC[C@]11CCC(C)[C@@]2(C)[C@@H](C[C@@](C)(C=C)[C@@H](O)[C@@H]1C)OC(=O)CS[C@@H]1CC[C@@H](N)C[C@H]1O
516, TAZEMETOSTAT , 33 ,CCN(C1CCOCC1)C1=C(C)C(=CC(=C1)C1=CC=C(CN2CCOCC2)C=C1)C(=O)NCC1=C(C)C=C(C)NC1=O
517, DAROLUTAMIDE , 30 ,C[C@@H](CN1C=CC(=N1)C1=CC=C(C#N)C(Cl)=C1)NC(=O)C1=NNC(=C1)C(C)O
518, DAROLUTAMIDE , 30 ,C[C@@H](CN1C=CC(=N1)C1=CC=C(C#N)C(Cl)=C1)NC(=O)C1=NNC(=C1)C(C)O
519, FENFLURAMINE , 71 ,CCNC(C)CC1=CC=CC(=C1)C(F)(F)F
520, FENFLURAMINE , 71 ,CCNC(C)CC1=CC=CC(=C1)C(F)(F)F
521, ELEXACAFTOR , 80 ,C[C@@H]1CN(C2=NC(=CC=C2C(=O)NS(=O)(=O)C2=CN(C)N=C2C)N2C=CC(OCC(C)(C)C(F)(F)F)=N2)C(C)(C)C1
522, RIMEGEPANT , 64 ,N[C@H]1[C@@H](CC[C@@H](OC(=O)N2CCC(CC2)N2C(=O)NC3=NC=CC=C23)C2=C1C=CC=N2)C1=C(F)C(F)=CC=C1
523, CENOBAMATE , 88 ,NC(=O)O[C@@H](CN1N=CN=N1)C1=C(Cl)C=CC=C1
524, TEMSAVIR , 26.9 ,COC1=CN=C(N2C=NC(C)=N2)C2=C1C(=CN2)C(=O)C(=O)N1CCN(CC1)C(=O)C1=CC=CC=C1
525, SELPERCATINIB , 73 ,COC1=NC=C(CN2C3CC2CN(C3)C2=CC=C(C=N2)C2=CC(OCC(C)(C)O)=CN3N=CC(C#N)=C23)C=C1
526, CAPMATINIB , 70 ,CNC(=O)C1=C(F)C=C(C=C1)C1=NN2C(CC3=CC4=C(C=C3)N=CC=C4)=CN=C2N=C1
527, SELUMETINIB , 62 ,CN1C=NC2=C(F)C(NC3=C(Cl)C=C(Br)C=C3)=C(C=C12)C(=O)NOCCO
