Molecule_name,Structure,Class,HIA (%)
Acetanilide,CC(=O)N/C1=C/C=CC=C1,1,100
Acetazolamide.mol,CC(=O)N/C1=N/N=C([S]1)[S](N)(=O)=O,1,100
Alfacalcidol,C=C3/C(=C\C=C1/CCC[C@]2(C)[C@]1([H])CC[C@@]2([H])[C@](C)([H])CCCC(C)(C)[H])C[C@@](O)([H])C[C@]3(O)[H],1,100
Aminopyrine,C/C2=C(/C(=N)N(/C1=C/C=CC=C1)N2C)N(C)C,1,100
Amosulalol.mol,C/C1=C/C=C(C(=C1)[S](N)(=O)=O)[C@@](O)([H])CNCCOC=2C=CC=CC=2OC,1,100
Anastrozole.mol,CC(C)(C#N)C=1C=C(C=C(C=1)CN2C=NC=N2)C(C)(C)C#N,1,100
Astemizole.mol,CO/C1=C/C=C(C=C1)CCN2CC[C@@]([H])(CC2)N/C4=N/C=3C=CC=CC=3N4C/C5=C/C=C(/[F])C=C5,1,100
Azimilide,CN4CCN(CCCCN3C(=O)CN(/N=C/C1=C/C=C(O1)C2=C/C=C(/[Cl])C=C2)C3=O)CC4,1,100
Bendroflumethiazide.mol,[F]C([F])([F])C3=CC=2N[C@]([H])(C/C1=C/C=CC=C1)N[S](=O)(=O)C=2/C=C3/[S](N)(=O)=O,1,100
Benorylate,CC(=O)NC=1C=CC(=CC=1)OC(=O)C=2C=CC=CC=2OC(C)=O,1,100
Bepridil.mol,CC(C)([H])COC[C@@]([H])(CN1CCCC1)N(C/C2=C/C=CC=C2)C=3C=CC=CC=3,1,100
Bezafibrate.mol,CC(C)(O/C1=C/C=C(C=C1)CCNC(=O)C2=CC=CC=C2)C(O)=O,1,100
Biperiden.mol,O[C@](CCN1CCCCC1)(C2=CC=CC=C2)[C@]3([H])C[C@@]4([H])C=C[C@@]3([H])C4,1,100
Bornaprine,CCN(CC)CCCOC(=O)[C@]1(C[C@]2([H])CC[C@]1([H])C2)C3=CC=CC=C3,1,100
Budesonide.mol,CCC[C@]5([H])O[C@]4([H])C[C@]3([H])[C@]2([H])CCC1=CC(=O)C=C[C@]1(C)[C@]2([H])[C@](O)([H])C[C@]3(C)[C@@]4(O5)C(=O)CO,1,100
Camazepam,CN2C=1C=CC([Cl])=CC=1C(=N[C@@]([H])(OC(=O)N(C)C)C2=O)C3=CC=CC=C3,1,100
Carbamazepine.mol,NC(=O)N3C1=CC=CC=C1C=CC2=CC=CC=C23,1,100
Carmustine,O=C(NCC[Cl])N(CC[Cl])N=O,1,100
Chloral_hydrate,OC(O)([H])C([Cl])([Cl])[Cl],1,100
Chloroquine.mol,CCN(CC)CCCCN(C)C=1C=CN=C2/C=C(/[Cl])C=CC=12,1,100
Chlorphenesin,OC[C@@](O)([H])CO/C1=C/C=C(/[Cl])C=C1,1,100
Cicaprost.mol,CCC#CC[C@@](C)([H])[C@](O)([H])C#C[C@]2([H])[C@@]1([H])C/C(=C\COCC(O)=O)C[C@]1([H])C[C@@]2(O)[H],1,100
Cilomilast,CO/C1=C/C=C(/C=C1/O[C@@]2([H])CCCC2)[C@]3(C#N)CC[C@@]([H])(CC3)C(O)=O,1,100
Citalopram.mol,CN(C)CCC[C@]2(OCC1=CC(C#N)=CC=C12)C3=C/C=C(/[F])C=C3,1,100
Corticosterone,C[C@@]14CCC(=O)C=C1CC[C@]3([H])[C@@]2([H])CC[C@]([H])(C(=O)CO)[C@]2(C)C[C@](O)([H])[C@]34[H],1,100
Coumarin.mol,O=C2C=CC=1C=CC=CC=1O2,1,100
Cyclopenthiazide.mol,N[S](=O)(=O)C=1C=C3C(=CC=1[Cl])N[C@]([H])(CN2CCCC2)N[S]3(=O)=O,1,100
Diacetylmorphine.mol,CC(=O)O/C2=C/C=C1C[C@]5([H])N(C)CCC[C@]34C1=C2O[C@@]3([H])[C@@]([H])(C=C[C@]45[H])OC(C)=O,1,100
Dicyclomine,CCN(CC)CCOC(=O)[C@]1(CCCCC1)[C@]2([H])CCCCC2,1,100
Dofetilide.mol,CN(CC/C1=C/C=C(C=C1)N[S](C)(=O)=O)CCOC=2C=CC(=CC=2)N[S](C)(=O)=O,1,100
Doxazosin.mol,CO/C1=C/C2=C(/C=C1/OC)N=C(/N=C2/N)N3CCN(CC3)C(=O)[C@]5([H])COC4=CC=CC=C4O5,1,100
Ergotamine.mol,C[C@@]5(NC(=O)[C@@]2([H])C=C1C3=CC=CC=4NC=C(C[C@]1([H])N(C)C2)C3=4)O[C@]7(O)N(C5=O)[C@]([H])(CC=6C=CC=CC=6)C(=O)N8CCC[C@@]78[H],1,100
Ethinyl_Estradiol.mol,C#C[C@@]4(O)CC[C@]3([H])[C@]2([H])CCC=1/C=C(/O)C=CC=1[C@]2([H])CC[C@@]34C,1,100
Ethyl_alcohol,CCO,1,100
Ethynodiol_diacetate,C#C[C@]4(CC[C@]3([H])[C@]2([H])CCC1=C[C@]([H])(CC[C@]1([H])[C@]2([H])CC[C@@]34C)OC(C)=O)OC(C)=O,1,100
Fenclofenac,OC(=O)CC=1C=CC=CC=1O/C2=C/C=C(/[Cl])C=C2[Cl],1,100
Finasteride.mol,C[C@@]34CC[C@]1([H])[C@@]([H])(CC[C@]2([H])NC(=O)C=C[C@@]12C)[C@@]3([H])CC[C@@]4([H])C(=O)NC(C)(C)C,1,100
Flucytosine.mol,[F]/C1=C/NC(=O)N=C1N,1,100
Flupentixol.mol,[F]C([F])([F])C4=CC=C3[S]C=1C=CC=CC=1/C(=C\CCN2CCN(CC2)CCO)C3=C4,1,100
Fluvastatin.mol,CC(C)([H])N3C=1C=CC=CC=1C(/C2=C/C=C(/[F])C=C2)=C3/C=C/[C@@](O)([H])C[C@](O)([H])CC(O)=O,1,100
Fusidic_acid.mol,CC(C)=CCC/C(=C4/[C@]3([H])C[C@](O)([H])[C@]2([H])[C@]1(C)CC[C@](O)([H])[C@](C)([H])[C@]1([H])CC[C@@]2(C)[C@@]3(C)C[C@]4([H])OC(C)=O)C(O)=O,1,100
Gemfibrozil.mol,C/C1=C/C=C(/C)C(=C1)OCCCC(C)(C)C(O)=O,1,100
Genaconazole.mol,C[C@@]([H])([C@](O)(CN1C=NC=N1)C2=C/C=C(/[F])C=C2[F])[S](C)(=O)=O,1,100
Glimepiride.mol,CC=1CN(C(=O)C=1CC)C(=O)NCC/C2=C/C=C(C=C2)[S](=O)(=O)NC(=O)N[C@@]3([H])CC[C@@](C)([H])CC3,1,100
Glipizide.mol,C/C1=C/N=C(C=N1)C(=O)NCC/C2=C/C=C(C=C2)[S](=O)(=O)NC(=O)NC3([H])CCCCC3,1,100
Glycine,NCC(O)=O,1,100
Granisetron.mol,CN2N=C(C=1C=CC=CC=12)C(=O)N[C@]3([H])C[C@]4([H])CCC[C@]([H])(C3)N4C,1,100
Haloperidol.mol,[F]/C1=C/C=C(C=C1)C(=O)CCCN2CCC(O)(CC2)C3=CC=CC([Cl])=C3,1,100
Hydralazine.mol,NN/C2=N/N=CC=1C=CC=CC=12,1,100
Indobufen.mol,CC[C@]([H])(C=1C=CC(=CC=1)N3CC=2C=CC=CC=2C3=O)C(O)=O,1,100
Indomethacin.mol,CO/C1=C/C2=C(C=C1)N(/C=C2/CC(O)=O)C(=O)C=3C=CC=CC=3,1,100
Irbesartan.mol,CCCC/C2=N/C1(CCCC1)C(=O)N2C/C3=C/C=C(C=C3)C=4C=CC=CC=4/C5=N/NN=N5,1,100
Isosorbide-2-mononitrate.mol,O[C@]1([H])CO[C@]2([H])[C@]1([H])OC[C@]2([H])O[N+]([O-])=O,1,100
Isoxicam,C/C3=C/C(NC(=O)C2=C(O)C=1C=CC=CC=1[S](=O)(=O)[C@@]2(C)[H])=NO3,1,100
Ketanserin.mol,[F]/C1=C/C=C(C=C1)C(=O)C2([H])CCN(CC2)CCN4C(=O)C=3C=CC=CC=3NC4=O,1,100
Letrozole.mol,N#C/C1=C/C=C(C=C1)C([H])(C=2C=CC(C#N)=CC=2)N3C=NC=N3,1,100
Levetiracetam.mol,CC[C@@]([H])(C(N)=O)N1CCCC1=O,1,100
Levobunolol,CC(C)(C)NC[C@@](O)([H])COC=1C=CC=C2C=1CCCC2=O,1,100
Levonorgestrel.mol,C#C[C@@]4(O)CC[C@]3([H])[C@]2([H])CCC1=CC(=O)CC[C@]1([H])[C@]2([H])CC[C@@]34CC,1,100
Lisuride.mol,CCN(CC)C(=O)N[C@@]2([H])C=C1C3=CC=CC=4NC=C(C[C@]1([H])N(C)C2)C3=4,1,100
Lormetazepam.mol,CN2C=1C=CC([Cl])=CC=1C(=N[C@@](O)([H])C2=O)C=3C=CC=CC=3[Cl],1,100
Lornoxicam,CN2/C(=C(/O)C=1[S]C([Cl])=CC=1[S]2(=O)=O)C(=O)NC=3C=CC=CN=3,1,100
Lynestrenol.mol,C#C[C@@]4(O)CC[C@]3([H])[C@]2([H])CCC1=CCCC[C@]1([H])[C@]2([H])CC[C@@]34C,1,100
Meclofenamic_acid,C/C2=C/C=C(/[Cl])C(NC=1C=CC=CC=1C(O)=O)=C2[Cl],1,100
Megestrol_acetate,C/C3=C/[C@]2([H])[C@@]1([H])CC[C@](OC(C)=O)(C(C)=O)[C@]1(C)CC[C@]2([H])[C@]4(C)CCC(=O)C=C34,1,100
Meperidine.mol,CCOC(=O)C1(CCN(C)CC1)C=2C=CC=CC=2,1,100
Meptazinol.mol,CC[C@@]1(CCCCN(C)C1)C2=CC=CC(O)=C2,1,100
Methsuximide,C[C@]1(CC(=O)N(C)C1=O)C2=CC=CC=C2,1,100
Methylergonovine.mol,CC[C@]([H])(CO)NC(=O)[C@@]2([H])C=C1C3=CC=CC=4NC=C(C[C@]1([H])N(C)C2)C3=4,1,100
Methysergide.mol,CC[C@]([H])(CO)NC(=O)[C@@]4([H])C=C3C1=CC=CC2=C1C(=CN2C)C[C@]3([H])N(C)C4,1,100
Midazolam.mol,C/C4=N/C=C3C/N=C(/C=1C=CC=CC=1[F])C=2/C=C(/[Cl])C=CC=2N34,1,100
Nalbuphine.mol,O/C2=C/C=C1C[C@@]5([H])N(CC[C@@]34C1=C2O[C@]3([H])[C@](O)([H])CC[C@@]45O)C[C@]6([H])CCC6,1,100
Nefazodone.mol,CC/C3=N/N(CCCN1CCN(CC1)C=2C=C/C=C(/[Cl])C=2)C(=O)N3CCO/C4=C/C=CC=C4,1,100
Nicorandil.mol,[O-][N+](=O)OCCNC(=O)C1=CC=CN=C1,1,100
Nicotine.mol,CN1CCC[C@]1([H])C2=CC=CN=C2,1,100
Nilvadipine.mol,CC=2NC(C#N)=C(C(=O)OC)[C@]([H])(C=1C=CC=C(C=1)[N+]([O-])=O)C=2C(=O)OC(C)(C)[H],1,100
Nitroxoline,O/C2=C/C=C(C1=CC=CN=C12)[N+]([O-])=O,1,100
Norethindrone.mol,C#C[C@@]4(O)CC[C@]3([H])[C@]2([H])CCC1=CC(=O)CC[C@]1([H])[C@]2([H])CC[C@@]34C,1,100
Norgestimate,C#C[C@]4(CC[C@]3([H])[C@]2([H])CCC1=CC(CC[C@]1([H])[C@]2([H])CC[C@@]34CC)=NO)OC(C)=O,1,100
Nortriptyline.mol,CNCC/C=C3\C=1C=CC=CC=1CCC=2C=CC=CC=23,1,100
Ofloxacin.mol,C[C@@]4([H])COC=1C3=C(/C=C(/[F])C=1N2CCN(C)CC2)C(=O)C(=CN34)C(O)=O,1,100
Ondansetron.mol,CN2C=1C=CC=CC=1C4=C2CC[C@]([H])(CN3C=CN=C3)C4=O,1,100
Orphenadrine.mol,CC=1C=CC=CC=1[C@@]([H])(OCCN(C)C)C2=CC=CC=C2,1,100
Oxcarbazepine.mol,NC(=O)N3C=1C=CC=CC=1C(=N)CC=2C=CC=CC=23,1,100
Oxybutynin.mol,CCN(CC#CCOC(=O)[C@](O)(C=1C=CC=CC=1)[C@@]2([H])CCCCC2)CC,1,100
Oxyphenbutazone,CCCC[C@]3([H])C(=O)N(C=1C=CC=CC=1)N(/C2=C/C=C(/O)C=C2)C3=O,1,100
Paroxetine.mol,[F]/C1=C/C=C(C=C1)[C@@]2([H])CCNC[C@]2([H])CO/C4=C/C=C3OCOC3=C4,1,100
Pentobarbital.mol,CCC[C@@](C)([H])[C@]1(CC)C(=O)NC(=O)NC1=O,1,100
Perphenazine.mol,OCCN4CCN(CCCN3C=1C=CC=CC=1[S]C=2C=CC([Cl])=CC=23)CC4,1,100
Phenglutarimide,CCN(CC)CC[C@@]1(CCC(=O)NC1=O)C2=CC=CC=C2,1,100
Phenindione.mol,O=C2C1=CC=CC=C1C(=O)C2([H])C3=CC=CC=C3,1,100
Piroxicam.mol,CN2/C(=C(/O)C=1C=CC=CC=1[S]2(=O)=O)C(=O)N/C3=C/C=CC=N3,1,100
Polythiazide,CN2[C@]([H])(C[S]CC([F])([F])[F])NC1=CC([Cl])=C(C=C1[S]2(=O)=O)[S](N)(=O)=O,1,100
Probenecid.mol,CCCN(CCC)[S](=O)(=O)C1=CC=C(C=C1)C(O)=O,1,100
Procarbazine,CC(C)([H])NC(=O)C1=CC=C(C=C1)CNNC,1,100
Propofol,CC(C)([H])C1=CC=C/C(=C1/O)C(C)(C)[H],1,100
Proxyphylline.mol,C[C@@](O)([H])CN1C=NC2=C1C(=O)N(C)C(=O)N2C,1,100
Pseudoephedrine.mol,C[C@]([H])(NC)[C@](O)([H])C1=CC=CC=C1,1,100
Pyrazinamide,NC(=O)C1=CN=CC=N1,1,100
Remoxipride,CCN1CCC[C@]1([H])CNC(=O)C=2C(=C/C=C(/[Br])C=2OC)OC,1,100
Repaglinide.mol,CC(C)([H])C[C@@]([H])(NC(=O)C/C1=C/C=C(C(=C1)OCC)C(O)=O)C=2C=CC=CC=2N3CCCCC3,1,100
Salsalate,O/C1=C/C=C/C=C1/C(=O)OC=2C=CC=CC=2C(O)=O,1,100
Selegiline.mol,C#CCN(C)[C@](C)([H])CC=1C=CC=CC=1,1,100
Sudoxicam,CN2/C(=C(/O)C=1C=CC=CC=1[S]2(=O)=O)C(=O)N/C3=N/C=C[S]3,1,100
Sulfamethoxazole.mol,C/C2=C/C(N[S](=O)(=O)C1=C/C=C(/N)C=C1)=NO2,1,100
Sulfinpyrazone.mol,O=C3N(C=1C=CC=CC=1)N(C=2C=CC=CC=2)C(=O)C3([H])CC[S](=O)C=4C=CC=CC=4,1,100
Tamoxifen.mol,CCC(C=1C=CC=CC=1)=C(/C2=C/C=CC=C2)C3=CC=C(C=C3)OCCN(C)C,1,100
Tenoxicam.mol,CN2C(=CC=1[S]C=CC=1[S]2(=O)=O)C(=O)NC=3C=CC=CN=3,1,100
Terfenadine.mol,CC(C)(C)C=1C=CC(=CC=1)[C@@](O)([H])CCCN2CC[C@@]([H])(CC2)C(O)(C3=CC=CC=C3)C=4C=CC=CC=4,1,100
Tesaglitazar,CCO[C@]([H])(C/C1=C/C=C(C=C1)OCC/C2=C/C=C(C=C2)O[S](C)(=O)=O)C(O)=O,1,100
Testosterone.mol,C[C@@]14CCC(=O)C=C1CC[C@]3([H])[C@@]2([H])CC[C@](O)([H])[C@]2(C)CC[C@]34[H],1,100
Tilidine,CCCC(=O)[C@@]1(CCC=C[C@]1([H])N(C)C)C2=CC=CC=C2,1,100
Tinidazole.mol,C/C1=N/C=C(/[N+]([O-])=O)N1CC[S](=O)(=O)CC,1,100
Tocainide.mol,C/C1=C/C=CC(C)=C1NC(=O)[C@@](C)(N)[H],1,100
Toremifene.mol,CN(C)CCO/C1=C/C=C(C=C1)C(/C2=C/C=CC=C2)=C(CC[Cl])C=3C=CC=CC=3,1,100
Triamcinolone,C[C@@]14C=CC(=O)C=C1CC[C@]3([H])[C@@]2([H])C[C@](O)([H])[C@@](O)(C(=O)CO)[C@]2(C)C[C@](O)([H])[C@@]34[F],1,100
Trifluoperazine,CN4CCN(CCCN3C=1C=CC=CC=1[S]C=2C=CC(=CC=23)C([F])([F])[F])CC4,1,100
Trihexyphenidyl.mol,O[C@](CCN1CCCCC1)(C2=CC=CC=C2)[C@@]3([H])CCCCC3,1,100
Trofosfamide,O=[P@]1(OCCCN1CC[Cl])N(CC[Cl])CC[Cl],1,100
Zileuton,C[C@]([H])(C2=CC=1C=CC=CC=1[S]2)N(O)C(N)=O,1,100
Zomepirac,CC=1/C=C(/CC(O)=O)N(C)C=1C(=O)C2=C/C=C(/[Cl])C=C2,1,100
Zonisamide.mol,N[S](=O)(=O)C/C1=N/OC=2C=CC=CC1=2,1,100
Zotepine.mol,CN(C)CCO/C2=C/C1=CC=CC=C1[S]C=3C=CC([Cl])=CC2=3,1,100
Caffeine.mol,CN1C=NC2=C1C(=O)N(C)C(=O)N2C,1,99
Chlordiazepoxide.mol,CNC=3C[N+]([O-])=C(/C1=C/C=CC=C1)C=2/C=C(/[Cl])C=CC=2N=3,1,99
Ciprofibrate.mol,CC(C)(O/C1=C/C=C(C=C1)[C@]2([H])CC2([Cl])[Cl])C(O)=O,1,99
Diazepam.mol,CN2C=1C=CC([Cl])=CC=1C(=NCC2=O)C3=CC=CC=C3,1,99
Fluorescein.mol,OC=5C=C4OC=1/C=C(/O)C=CC=1[C@]3(OC(=O)C=2C=CC=CC=23)C4=CC=5,1,99
Lomefloxacin.mol,C[C@@]1([H])CN(CCN1)C=2C([F])=CC3=C(C=2[F])N(C=C(C3=O)C(O)=O)CC,1,99
Miconazole.mol,[Cl]/C1=C/C=C(C([Cl])=C1)[C@@]([H])(CN2C=CN=C2)OC/C3=C/C=C(/[Cl])C=C3[Cl],1,99
Pheniramine.mol,CN(C)CC[C@]([H])(C1=CC=CC=C1)C2=CC=CC=N2,1,99
Prednisolone.mol,C[C@@]14C=CC(=O)C=C1CC[C@]3([H])[C@@]2([H])CC[C@@](O)(C(=O)CO)[C@]2(C)C[C@](O)([H])[C@]34[H],1,99
Tiacrilast,C[S]C=1C=C2C(=CC=1)N=CN(/C=C/C(O)=O)C2=O,1,99
Tianeptine.mol,CN3C=1C=CC=CC=1N(CCCCCCC(O)=O)C=2C=CC([Cl])=CC=2[S]3(=O)=O,1,99
Viloxazine.mol,CCOC=1C=CC=CC=1OC[C@@]2([H])COCCN2,1,99
Antipyrine.mol,C/C2=C/C(=O)N(/C1=C/C=CC=C1)N2C,1,98
Chlorpromazine.mol,CN(C)CCCN3C=1C=CC=CC=1[S]C=2C=CC([Cl])=CC=23,1,98
Cisapride.mol,CO/C1=C/C(N)=C([Cl])C=C1C(=O)N[C@]3([H])CCN(CCCOC=2C=CC([F])=CC=2)C[C@]3([H])OC,1,98
Cyproterone_acetate,CC(=O)[C@]5(CC[C@]4([H])[C@]3([H])C=C([Cl])C2=CC(=O)[C@@]1([H])C[C@]1([H])[C@]2(C)[C@]3([H])CC[C@@]45C)OC(C)=O,1,98
Glibornuride,C/C1=C/C=C(C=C1)[S](=O)(=O)NC(=O)N[C@]3([H])[C@@]2([H])CC[C@@](C)(C2(C)C)[C@]3(O)[H],1,98
Glyburide.mol,COC=1C=CC([Cl])=CC=1C(=O)NCC/C2=C/C=C(C=C2)[S](=O)(=O)NC(=O)NC3([H])CCCCC3,1,98
Ibuprofen.mol,C[C@@]([H])(C1=CC=C(C=C1)CC(C)(C)[H])C(O)=O,1,98
Imatinib.mol,CC=1C=CC(=CC=1N/C2=N/C(=CC=N2)C3=CC=CN=C3)NC(=O)C4=CC=C(C=C4)CN5CCN(C)CC5,1,98
Isoxepac,OC(=O)CC=3C=CC=2OCC=1C=CC=CC=1C(=O)C=2C=3,1,98
Lacidipine.mol,CC=2NC(C)=C(C(=O)OCC)C([H])(C=1C=CC=CC=1/C=C/C(=O)OC(C)(C)C)C=2C(=O)OCC,1,98
Lamotrigine.mol,N/C1=N/C(N)=N/N=C1/C2=C/C=CC([Cl])=C2[Cl],1,98
Lidocaine.mol,CC=1C=C/C=C(/C)C=1NC(=O)CN(CC)CC,1,98
Mexiletine.mol,CC=1C=C/C=C(/C)C=1OC[C@](C)(N)[H],1,98
Nefopam.mol,CN2CC1=CC=CC=C1[C@]([H])(OCC2)C3=CC=CC=C3,1,98
Oxaprozin.mol,OC(=O)CC/C2=N/C(/C1=C/C=CC=C1)=C(O2)C=3C=CC=CC=3,1,98
Pelrinone,CC=1NC(=O)C(C#N)=C(N=1)NC/C2=C/C=CN=C2,1,98
Rivastigmine.mol,C[C@]([H])(C1=CC=CC(=C1)OC(=O)N(C)CC)N(C)C,1,98
Ropinirole.mol,CCCNC([H])(C/C1=C/C=CC=2NC(=O)CC1=2)NCCC,1,98
Tolmesoxide.mol,C/C1=C/C(OC)=C(/C=C1/[S](C)=O)OC,1,98
Valproic_acid.mol,CCCC([H])(CCC)C(O)=O,1,98
Zopiclone.mol,CN1CCN(CC1)C(=O)O[C@]3([H])C=2N=CC=NC=2C(=O)N3/C4=C/C=C(/[Cl])C=N4,1,98
Cotinine.mol,CN1C(=O)CC[C@]1([H])C2=CC=CN=C2,1,97
Gallopamil.mol,CC(C)([H])[C@](C#N)(CCCN(C)CC/C1=C/C=C(/OC)C(=C1)OC)C2=CC(OC)=C(OC)C(=C2)OC,1,97
Gliclazide.mol,C/C1=C/C=C(C=C1)[S](=O)(=O)NC(=O)NN3C[C@]2([H])CCC[C@]2([H])C3,1,97
Oxazepam.mol,O[C@]3([H])N=C(/C1=C/C=CC=C1)C=2/C=C(/[Cl])C=CC=2NC3=O,1,97
Risperidone.mol,CC=2N=C1CCCCN1C(=O)C=2CCN3CCC([H])(CC3)C4=NOC=5/C=C(/[F])C=CC4=5,1,97
Bumetanide.mol,CCCCN/C1=C/C(=C/C(=C1/O/C2=C/C=CC=C2)[S](N)(=O)=O)C(O)=O,1,96
Clofibrate.mol,CC(C)(O/C1=C/C=C(/[Cl])C=C1)C(=O)OCC,1,96
Gatifloxacin.mol,C[C@@]1([H])CN(CCN1)C=2C([F])=CC3=C(C=2OC)N(C=C(C3=O)C(O)=O)[C@]4([H])CC4,1,96
Metoprolol.mol,CC(C)([H])NC[C@@](O)([H])CO/C1=C/C=C(C=C1)CCOC,1,96
Minoxidil.mol,N/C1=N/C(=C/C=[N+]1/[O-])N2CCCCC2,1,96
Progesterone.mol,CC(=O)[C@]3([H])CC[C@]4([H])[C@]2([H])CCC1=CC(=O)CC[C@]1(C)[C@]2([H])CC[C@@]34C,1,96
Torsemide.mol,C/C1=C/C=CC(=C1)N/C2=C/C=N/C=C2/[S](=O)(=O)NC(=O)NC(C)(C)[H],1,96
Trapidil.mol,CC=2C=C(N1N=CN=C1N=2)N(CC)CC,1,96
Acipimox.mol,C/C1=C/N=C(/C=[N+]1/[O-])C(O)=O,1,95
Amitriptyline.mol,CN(C)CC/C=C3\C=1C=CC=CC=1CCC=2C=CC=CC=23,1,95
Amobarbital.mol,CC[C@@]1(CCC(C)(C)[H])C(O)=NC(O)=NC1=O,1,95
Amoxapine.mol,[Cl]/C1=C/C3=C(C=C1)OC=2C=CC=CC=2/N=C3/N4CCNCC4,1,95
Baclofen.mol,N[C@]([H])(CCC(O)=O)C1=C/C=C(/[Cl])C=C1,1,95
Carbimazole.mol,CCOC(=O)N1C=CN(C)C1=[S],1,95
Carteolol.mol,CC(C)(C)NC[C@@](O)([H])COC=2C=CC=C1NC(=O)CCC1=2,1,95
Cephradine.mol,CC=1C[S][C@]2([H])N(C=1C(O)=O)C(=O)[C@]2([H])NC(=O)[C@](N)([H])C3=CCC=CC3,1,95
Chorpropamide.mol,CCCNC(=O)N[S](=O)(=O)C1=C/C=C(/[Cl])C=C1,1,95
Clomethiazole.mol,CC=1N=C[S]C=1CC[Cl],1,95
Clomipramine.mol,CN(C)CCCN3C=1C=CC=CC=1CCC=2C=CC([Cl])=CC=23,1,95
Clonidine.mol,[Cl]C=1C=C/C=C(/[Cl])C=1/N=C2/NCCN2,1,95
Clopenthixol,OCCN4CCN(CC/C=C2\C=1C=CC=CC=1[S]C=3C=CC([Cl])=CC2=3)CC4,1,95
Diethylpropion,C[C@]([H])(C(=O)C=1C=CC=CC=1)N(CC)CC,1,95
Disopyramide.mol,CC(C)([H])N(CC[C@](/C1=C/C=CC=C1)(C2=CC=CN=C2)C(N)=O)C(C)(C)[H],1,95
Domperidone.mol,O=C2NC=1C=CC=CC=1N2CCCN3CCC([H])(CC3)NN5C4=C/C=C(/[Cl])C=C4NC5=O,1,95
Dothiepin,CN(C)CC/C=C2\C=1C=CC=CC=1C[S]C3=CC=CC=C23,1,95
Fludrocortisone_acetate,CC(=O)OCC(=O)[C@@]4(O)CC[C@]3([H])[C@]2([H])CCC1=CC(=O)CC[C@]1(C)[C@]2([F])[C@](O)([H])C[C@@]34C,1,95
Flumazenil.mol,CCOC(=O)C=2N=CN3C=1C=CC([F])=CC=1C(=O)N(C)CC=23,1,95
Flurbiprofen.mol,C[C@@]([H])(C1=CC=C(C=C1)C2=CC=CC([F])=C2)C(O)=O,1,95
Galantamine.mol,CN2CC3=C/C=C(/OC)C=4O[C@]1([H])C[C@](O)([H])C=C[C@]1(CC2)C3=4,1,95
Glymidine,COCCOC=2C=NC(N[S](=O)(=O)C=1C=CC=CC=1)=NC=2,1,95
Hexobarbital.mol,C[C@]2(/C1=C/CCCC1)C(=O)N=C(O)N(C)C2=O,1,95
Ketoprofen.mol,C[C@@]([H])(C1=CC=CC(=C1)C(=O)C=2C=CC=CC=2)C(O)=O,1,95
Ketorolac.mol,OC(=O)[C@@]1([H])CCN2C(=CC=C12)C(=O)C3=CC=CC=C3,1,95
Levamisole.mol,[H][C@]2(CN1CC[S]C1=N2)C3=CC=CC=C3,1,95
Lorazepam.mol,O[C@]2([H])N=C(C=1/C=C(/[Cl])C=CC=1NC2=O)C=3C=CC=CC=3[Cl],1,95
Methimazole.mol,CN1C=CNC1=[S],1,95
Metronidazole.mol,C/C1=N/C=C(/[N+]([O-])=O)N1CCO,1,95
Nicardipine.mol,CC=1C=C(C(=C(C=1C(=O)OC)C2([H])C=C(C)NC(C)=C2)C(=O)OCCN(C)C/C3=C/C=CC=C3)[N+]([O-])=O,1,95
Nitrazepam.mol,[O-][N+](=O)C1=CC2=C(C=C1)NC(=O)C/N=C2/C3=C/C=CC=C3,1,95
Nitrofurantoin.mol,[O-][N+](=O)C2=C/C=C(/C=N/N1CC(=O)NC1=O)O2,1,95
Nizatidine.mol,CN/C(=C\[N+]([O-])=O)NCC[S]C/C1=C/[S]C(CN(C)C)=N1,1,95
Pefloxacin.mol,CCN2C=C(C(=O)C1=CC([F])=C(C=C12)N3CCN(C)CC3)C(O)=O,1,95
Pentazocine.mol,CC(C)=CCN2CC[C@]3(C)C=1/C=C(/O)C=CC=1C[C@]2([H])[C@]3(C)[H],1,95
Pentoxifylline.mol,CC(=O)CCCCN2C(=O)C1=C(N=CN1C)N(C)C2=O,1,95
Perindopril.mol,CCC[C@@]([H])(N[C@@](C)([H])C(=O)N2[C@@]([H])(C[C@]1([H])CCCC[C@@]12[H])C(O)=O)C(=O)OCC,1,95
Phenylpropanolamine.mol,C[C@@](N)([H])[C@](O)([H])C=1C=CC=CC=1,1,95
Practolol.mol,CC(=O)N/C1=C/C=C(C=C1)[C@@](O)([H])CNC(C)(C)[H],1,95
Promethazine.mol,C[C@@]([H])(CN3C=1C=CC=CC=1[S]C=2C=CC=CC=23)N(C)C,1,95
Propafenone.mol,CCCNC[C@@](O)([H])CO/C1=C/C=C/C=C1/C(=O)CC/C2=C/C=CC=C2,1,95
Propranolol.mol,CC(C)([H])N[C@](C)([H])[C@](O)([H])C=2C=CC=C1C=CC=CC1=2,1,95
Protriptyline.mol,CNCCC[C@]3([H])C1=CC=CC=C1C=CC2=CC=CC=C23,1,95
Ritodrine.mol,C[C@]([H])(NCC/C1=C/C=C(/O)C=C1)[C@](O)([H])C2=C/C=C(/O)C=C2,1,95
Sotalol.mol,CC(C)([H])NC[C@@](O)([H])CO/C1=C/C(=CC=C1)N[S](C)(=O)=O,1,95
Sulfisoxazole.mol,CC=1C(C)=N[S]C=1N[S](=O)(=O)C2=C/C=C(/N)C=C2,1,95
Tacrine.mol,N/C2=C1\C=CC=CC1=NC=3CCCCC2=3,1,95
Temazepam.mol,CN2C=1C=CC([Cl])=CC=1C(=N[C@@](O)([H])C2=O)C3=CC=CC=C3,1,95
Timolol.mol,CC(C)(C)NC[C@@](O)([H])CO/C1=N/[S]/N=C1/N2CCOCC2,1,95
Tropisetron.mol,CN2C=C(C=1C=CC=CC=12)C(=O)O[C@]3([H])C[C@@]4([H])CC[C@]([H])(C3)N4C,1,95
Venlafaxine.mol,CN(C)C[C@@]([H])(C1=CC=C(C=C1)OC)[C@]2(O)CCCCC2,1,95
Zolpidem.mol,C/C1=C/C=C(C=C1)C=3N=C2C=CC(C)=CN2C=3CC(=O)N(CCC)CCC,1,95
Atropine.mol,CN1[C@@]2([H])CC[C@]1([H])C[C@]([H])(C2)OC(=O)[C@@]([H])(CO)C3=CC=CC=C3,1,94
Clozapine.mol,CN1CCN(CC1)C4=NC=2/C=C(/[Cl])C=CC=2NC=3C=CC=CC=34,1,94
Felodipine.mol,CC=2NC(C)=C(C(=O)OCC)[C@@]([H])(C1=CC=CC([Cl])=C1[Cl])C=2C(=O)OC,1,94
Fluconazole.mol,[F]/C1=C/C=C(C([F])=C1)C(O)(CN2C=NC=N2)CN3C=NC=N3,1,94
Nicotinic_acid,OC(=O)C1=CC=CN=C1,1,94
Alprenolol.mol,C=CCC=1C=CC=CC=1OC[C@](O)([H])CNC(C)(C)[H],1,93
Amrinone.mol,N/C1=C/C(=CNC1=O)C2=CC=NC=C2,1,93
Scopolamine.mol,CN1[C@]2([H])C[C@]([H])(C[C@@]1([H])[C@]3([H])O[C@@]23[H])OC(=O)[C@@]([H])(CO)C4=CC=CC=C4,1,93
Tetrahydrocannabinol.mol,C/C3=C/[C@@]2([H])C=1C(O)=CC(=CC=1OC(C)(C)[C@]2([H])CC3)CCCCC,1,93
Isradipine.mol,CC=3NC(C)=C(C(=O)OC(C)(C)[H])[C@@]([H])(C2=CC=CC1=NON=C12)C=3C(=O)OC,1,92
Diltiazem.mol,CC(C)([H])CCC[C@@](C)([H])[C@]4([H])CC[C@]3([H])[C@]2([H])CC=C1C[C@](O)([H])CC[C@]1(C)[C@]2([H])CC[C@@]34C,1,91
Hydrocortisone,C[C@@]14CCC(=O)C=C1CC[C@]3([H])[C@@]2([H])CC[C@@](O)(C(=O)CO)[C@]2(C)C[C@](O)([H])[C@]34[H],1,91
Naloxone.mol,C=CCN4CC[C@@]23C=1C5=C/C=C(/O)C=1O[C@@]2([H])C(=O)CC[C@@]3(O)[C@]4([H])C5,1,91
Terazosin.mol,CO/C1=C/C=2C(/C=C1/OC)=NC(=NC=2N)N3CCN(CC3)C(=O)[C@]4([H])CCCO4,1,91
Almitrine.mol,C=CCNC=1N=C(N=C(N=1)N2CCN(CC2)C([H])(C3=C/C=C(/[F])C=C3)C4=C/C=C(/[F])C=C4)NCC=C,1,90
Amantadine.mol,NC23CC1([H])C[C@@]([H])(CC([H])(C1)C2)C3,1,90
Amphetamine,C[C@@](N)([H])CC=1C=CC=CC=1,1,90
Azatadine,CN1CCC(CC1)=C4C=2C=CC=CC=2CCC3=CC=CN=C34,1,90
Betaxolol.mol,CC(C)([H])NC[C@@](O)([H])CO/C1=C/C=C(C=C1)CCOC[C@@]2([H])CC2,1,90
Bisoprolol.mol,CC(C)([H])NC[C@@](O)([H])CO/C1=C/C=C(C=C1)COCCOC(C)(C)[H],1,90
Chlorzoxazone,O=C2NC1=CC([Cl])=CC=C1O2,1,90
Dapsone.mol,N/C1=C/C=C(C=C1)[S](=O)(=O)C=2C=CC(O)=CC=2,1,90
Dexamethasone.mol,C[C@]4([H])C[C@]3([H])[C@]2([H])CCC1=CC(=O)C=C[C@]1(C)[C@]2([F])[C@](O)([H])C[C@]3(C)[C@@]4(O)C(=O)CO,1,90
Diethylstilbestrol,CCC(/C1=C/C=C(/O)C=C1)=C(CC)C2=C/C=C(/O)C=C2,1,90
Diflunisal.mol,[F]/C2=C/C=C(/C1=C/C=C(/O)C(=C1)C(O)=O)C([F])=C2,1,90
Diloxanide,CN(/C1=C/C=C(/O)C=C1)C(=O)C([Cl])([Cl])[H],1,90
Ethacrynic_acid,CCC(=O)C(=O)C1=C/C=C(/OCC(O)=O)C([Cl])=C1[Cl],1,90
Felbamate.mol,NC(=O)OCC([H])(COC(N)=O)C1=CC=CC=C1,1,90
Feprazone,CC(C)=CCC3([H])C(=O)N(C=1C=CC=CC=1)N(C=2C=CC=CC=2)C3=O,1,90
Flutamide,CC(C)([H])C(=O)NC=1C=C(C(=CC=1)[N+]([O-])=O)C([F])([F])[F],1,90
Fluvoxamine.mol,COCCCC/C(=N\OCCN)C1=CC=C(C=C1)C([F])([F])[F],1,90
Hydroxyprogesterone_caproate,CC(=O)[C@]4(CC[C@]3([H])[C@]2([H])C=CC1=CC(=O)CC[C@]1(C)[C@]2([H])CC[C@@]34C)OC(=O)CCCCC,1,90
Isosorbide_dinitrate.mol,[O-][N+](=O)O[C@]1([H])CO[C@]2([H])[C@]1([H])OC[C@@]2([H])O[N+]([O-])=O,1,90
Isotretinoin.mol,CC(/C=C\C1=C(/C)CCCC1(C)C)=C/C=C/C(C)=CC(O)=O,1,90
Ketotifen,CN1CCC(CC1)=C3C=2C=CC=CC=2CC(=O)C=4[S]C=CC3=4,1,90
Loratadine,CCOC(=O)N1CCC(CC1)=C4C=2C=CC([Cl])=CC=2CCC3=CC=CN=C34,1,90
Mebeverine,C[C@@]([H])(C/C1=C/C=C(C=C1)OC)N(CC)CCCCOC(=O)C2=C/C=C(/OC)C(=C2)OC,1,90
Mefenamic_acid,CC=2C=C/C=C(/NC=1C=CC=CC=1C(O)=O)C=2C,1,90
Meloxicam.mol,C/C3=C/N=C(/NC(=O)C2=C(O)C=1C=CC=CC=1[S](=O)(=O)N2C)[S]3,1,90
Mifepristone.mol,C#C[C@@]4(O)CC[C@]3([H])[C@]2([H])CC[C@]1([H])CC(=O)CCC1=C2[C@@]([H])(C[C@@]34C)C5=CC=C(C=C5)N(C)C,1,90
Morphine.mol,CN4CC[C@@]23C=1C5=C/C=C(/O)C=1O[C@@]2([H])[C@](O)([H])C=C[C@]3([H])[C@]4([H])C5,1,90
Moxifloxacin.mol,COC=1C4=C(/C=C(/[F])C=1N3C[C@]2([H])CCCN[C@]2([H])C3)C(=O)C(=C[C@]4([H])N[C@]5([H])CC5)C(O)=O,1,90
Nalidixic_acid,C/C1=C/C=C2C(=N1)N(CC)C[C@]([H])(C2=O)C(O)=O,1,90
Nisoldipine.mol,CC=2NC(C)=C(C(=O)OCC(C)(C)[H])[C@@]([H])(C=1C=CC=CC=1[N+]([O-])=O)C=2C(=O)OC,1,90
Papaverine.mol,CO/C3=C/C2=CC=NC(C/C1=C/C=C(/OC)C(=C1)OC)=C2/C=C3/OC,1,90
Phenazopyridine,NC=2C=CC(/N=N/C1=C/C=CC=C1)=C(N)N=2,1,90
Phenytoin.mol,O=C1NNC(=O)C1(C=2C=CC=CC=2)C=3C=CC=CC=3,1,90
Protionamide,CCC/C1=C/C(=CC=N1)C(N)=[S],1,90
Quinalbarbitone,C=CC[C@]1(C(=C)NC(O)=NC1=O)[C@](C)([H])CCC,1,90
Rabeprazole.mol,CC=1C(=CC=NC=1C[S](=O)C=3NC=2C=CC=CC=2N=3)OCCCOC,1,90
Riluzole.mol,[F]C([F])([F])O/C2=C/C=1[S]C(N)=NC=1C=C2,1,90
Sparfloxacin.mol,C[C@@]1([H])CN(C[C@@](C)([H])N1)C2=C([F])C(N)=C3/C(=C2/[F])N(C=C(C3=O)C(O)=O)[C@]4([H])CC4,1,90
Sulfisomidine,CC=2/C=C(/N[S](=O)(=O)C1=C/C=C(/N)C=C1)N=C(C)N=2,1,90
Sulindac.mol,CC=3/C(=C\C1=C\C=C(C=C1)[S](C)=O)C2=C/C=C(/[F])C=C2C=3CC(O)=O,1,90
Telithromycin.mol,C[C@]5([H])C(=O)O[C@@]([H])(CC)[C@@]3(C)OC(=O)N(CCCCN1C=C(N=C1)C2=CC=CN=C2)[C@]3([H])[C@](C)([H])C(=O)[C@](C)([H])C[C@@](C)(OC)[C@]([H])(O[C@]4([H])O[C@](C)([H])C[C@@]([H])(N(C)C)[C@@]4(O)[H])[C@](C)([H])C5=O,1,90
Thiabendazole,C=12C=CC=CC=1N=C(N2)C3=C[S]C=N3,1,90
Tiagabine.mol,CC=1C=C[S]C=1/C(=C\CCN2CCC[C@@]([H])(C2)C(O)=O)C=3[S]C=CC=3C,1,90
Tibolone,C#C[C@@]2(O)CC[C@]1([H])[C@]4([H])[C@@]([H])(CC[C@@]12C)C=3CCC(=O)CC=3C[C@@]4(C)[H],1,90
Tolazoline,C1=CC=C(C=C1)C/C2=N/CCN2,1,90
Triamcinolone_acetonide.mol,C[C@]34C[C@](O)([H])[C@@]2([F])[C@]1([H])C=CC(=O)C=C1CC[C@@]2([H])[C@]3([H])C[C@]5([H])OC(C)(C)O[C@]45C(=O)CO,1,90
Dihydrocodeine,CN4CC[C@@]23C=1C5=C/C=C(/OC)C=1O[C@@]2([H])[C@](O)([H])CC[C@]3([H])[C@]4([H])C5,1,89
Sultopride,CCN1CCC[C@]1([H])CNC(=O)C2=CC(=C/C=C2/OC)[S](=O)(=O)CC,1,89
Tenidap,NC(=O)N2C=1C=CC([Cl])=CC=1[C@@]([H])(C2=O)C(=O)C3=CC=C[S]3,1,89
Acrivastine,CC=1C=CC(=CC=1)C(=CCN2CCCC2)C3=CC=CC(/C=C/C(O)=O)=N3,1,88
Disulfiram,CCN(CC)C(=[S])[S][S]C(=[S])N(CC)CC,1,88
Metoclopramide.mol,CCN(CC)CCNC(=O)C1=CC([Cl])=C(N)C=C1OC,1,88
Misoprostol.mol,CCCC[C@](C)(O)C/C=C/[C@]1([H])[C@]([H])(CCCCCCC(=O)OC)C(=O)C[C@]1(O)[H],1,88
Moricizine.mol,CCOC(=O)N/C1=C/C3=C(C=C1)[S]C=2C=CC=CC=2N3C(=O)CCN4CCOCC4,1,88
Moxonidine.mol,CC=2/N=C(/OC)C(N/C1=N/CCN1)=C([Cl])N=2,1,88
Nitrendipine.mol,CC=2NC(C)=C(C(=O)OCC)[C@@]([H])(C1=CC=CC(=C1)[N+]([O-])=O)C=2C(=O)OC,1,88
Trovafloxacin.mol,[F]C=1C=C/C(=C(/[F])C=1)N3C=C(C(=O)C=2/C=C(/[F])C(=NC=23)N4C[C@@]5([H])[C@@]([H])(C4)[C@@]5(N)[H])C(O)=O,1,88
Benzydamine.mol,CN(C)CCCO/C3=N/N(CC=1C=CC=CC=1)C=2C=CC=CC=23,1,87
Bupropion.mol,CC(C)(C)N[C@@](C)([H])C(=O)C1=C/C=C(/[Cl])C=C1,1,87
Cimetidine.mol,CC=1NC=NC=1C[S]CCN/C(=N/C)NC#N,1,87
Clindamycin.mol,CCC[C@]2([H])C[C@]([H])(C(=O)N[C@]([H])([C@]1([H])O[C@@]([H])([S]C)[C@](O)([H])[C@](O)([H])[C@@]1(O)[H])[C@](C)([Cl])[H])N(C)C2,1,87
Lamivudine.mol,NC=1CCN(C(=O)N=1)[C@@]2([H])C[S][C@]([H])(CO)O2,1,86
Acebutolol.mol,CC(=O)C=1C=C(C=CC=1OC[C@](O)([H])CNC(C)(C)[H])NC(=O)CCC,1,85
Acetaminophen.mol,CC(=O)N/C1=C/C=C(/O)C=C1,1,85
Chlorguanide,CC(C)([H])NC(=N)NC(=N)N/C1=C/C=C(/[Cl])C=C1,1,85
Dolasetron.mol,O=C1CN2[C@@]3([H])C[C@@]1([H])C[C@]2([H])C[C@]([H])(C3)OC(=O)C4=CNC=5C=CC=CC4=5,1,85
Isoproterenol.mol,CC(C)([H])N[C@](O)([H])C1=C/C=C(/O)C(O)=C1,1,85
Lansoprazole.mol,C/C1=C/N=C(/C=C1/OCC([F])([F])[F])C[S](=O)C=3NC=2C=CC=CC=2N=3,1,85
Oxyfedrine.mol,C[C@]([H])(NCCC(=O)C=1C=CC=C(C=1)OC)[C@](O)([H])C2=CC=CC=C2,1,85
Piretanide.mol,N[S](=O)(=O)C=1C=C(C=C(C=1O/C2=C/C=CC=C2)N3CCCC3)C(O)=O,1,85
Sulfamethizole,C/C2=N/N=C(/N[S](=O)(=O)C1=C/C=C(/N)C=C1)[S]2,1,85
Triazolam.mol,C/C3=N/NC2=CN=C(C=1/C=C(/[Cl])C=CC=1N23)C=4C=CC=CC=4[Cl],1,85
Zalcitabine.mol,NC=1C=CN(C(=O)N=1)[C@@]2([H])CC[C@]([H])(CO)O2,1,85
Molecule-618,CO/C2=C/C=C1N=CC=C(C1=C2)[C@@](O)([H])[C@@]3([H])C[C@@]4([H])CCN3C[C@]4([H])C=C,1,85
Bromazepam,O=C2CN=C(C=1/C=C(/[Br])C=CC=1N2)C=3C=CC=CN=3,1,84
Albuterol.mol,CC(C)(C)NC[C@](O)([H])C1=C/C=C(/O)C(=C1)C(O)=O,1,83
Milrinone.mol,CC=1NC(=O)C(C#N)=CC=1/C2=C/C=NC=C2,1,83
Nateglinide.mol,CC(C)([H])[C@]1([H])CC[C@@]([H])(CC1)C(=O)N[C@]([H])(C/C2=C/C=CC=C2)C(O)=O,1,83
Aspirin.mol,CC(=O)OC=1C=CC=CC=1C(O)=O,1,82
Ibutilide.mol,CCCCCCCN(CC)CCC[C@](O)([H])C1=CC=C(C=C1)N[S](C)(=O)=O,1,82
Methylprednisolone.mol,C[C@@]3([H])C[C@]2([H])[C@@]1([H])CC[C@@](O)(C(=O)CO)[C@]1(C)C[C@](O)([H])[C@]2([H])[C@]4(C)C=CC(=O)C=C34,1,82
Mifobate,CO[P](=O)(C[C@]([H])(C1=C/C=C(/[Cl])C=C1)[P](=O)(OC)OC)OC,1,82
Flecainide.mol,[F]C([F])([F])CO/C1=C/C(=C(C=C1)OCC([F])([F])[F])C(=O)NC[C@]2([H])CCCCN2,1,81
Acetohexamide,CC(=O)C1=CC=C(C=C1)[S](=O)(=O)N=C(O)NC2([H])CCCCC2,1,80
Allopurinol.mol,O=C1NC=NC=2NN=CC1=2,1,80
Carvedilol.mol,COC=1C=CC=CC=1OCCNC[C@](O)([H])OC/C3=C/C=CC=4NC2=CC=CC=C2C3=4,1,80
Chlorpheniramine.mol,CN(C)CCN(/C1=C/C=C(/[Cl])C=C1)C=2C=CC=CN=2,1,80
Clonazepam.mol,[O-][N+](=O)C=1C=C2C(=CC=1)NC(=O)C/N=C2/C=3C=CC=CC=3[Cl],1,80
Dantrolene,[O-][N+](=O)C1=CC=C(C=C1)C3=C/C=C(/C=N/N2CC(=O)NC2=O)O3,1,80
Enoximone.mol,CC=1NC(=O)NC=1C(=O)C2=CC=C(C=C2)[S]C,1,80
Floxacillin.mol,CC=2O/N=C(/C=1C([F])=CC=CC=1[Cl])C=2C(=O)N[C@]3([H])C(=O)N4[C@]([H])(C(O)=O)C(C)(C)[S][C@@]34[H],1,80
Flunarizine,[F]/C1=C/C=C(C=C1)C([H])(C2=C/C=C(/[F])C=C2)N4CCN(CCC/C3=C/C=CC=C3)CC4,1,80
Fluoxetine.mol,CNCC[C@@]([H])(OC=1C=CC(=CC=1)C([F])([F])[F])C2=CC=CC=C2,1,80
Guanadrel,N=C(N)NC[C@]2([H])CO[C@@]1(CCCCC1)O2,1,80
Isoniazid.mol,NNC(=O)C1=CC=NC=C1,1,80
Itraconazole.mol,CC[C@@](C)([H])N7N=CN(C=1C=CC(=CC=1)N2CCN(CC2)C=3C=CC(=CC=3)OC[C@]5([H])CO[C@](CN4C=NC=N4)(O5)C6=C/C=C(/[Cl])C=C6[Cl])C7=O,1,80
Mesalamine.mol,N/C1=C/C(=C(/O)C=C1)C(O)=O,1,80
Methadone.mol,CCC(=O)C(C[C@@](C)([H])N(C)C)(C1=CC=CC=C1)C=2C=CC=CC=2,1,80
Methoxyamphetamine,C[C@@](N)([H])C/C1=C/C=CC(=C1)OC,1,80
Methylphenidate.mol,COC(=O)[C@]([H])(C1=CC=CC=C1)[C@]2([H])CCCCN2,1,80
Modafinil,NC(=O)C[S](=O)C([H])(C1=CC=CC=C1)C=2C=CC=CC=2,1,80
Nabumetone.mol,CC(=O)CC/C2=C/C=1C=CC(=CC=1C=C2)OC,1,80
Omeprazole.mol,CC=3C=NC(C[S](=O)C=2NC=1C=CC(=CC=1N=2)OC)=C(C)C=3OC,1,80
Oxamniquine,CC(C)([H])NC[C@]2([H])CCC1=CC(CO)=C(C=C1N2)[N+]([O-])=O,1,80
Pramipexole.mol,CCCN[C@@]2([H])CC=1[S]C(N)=NC=1CC2,1,80
Quinidine.mol,C=C[C@]1([H])CN2CC[C@]1([H])C[C@]2([H])[C@](O)([H])C=3C=CN=C4C=CC(=CC=34)OC,1,80
Riboflavin,C/C3=C/C=2N=C1C(=NC(=O)NC1=O)N(C[C@](O)([H])[C@@](O)([H])[C@@](O)([H])CO)C=2/C=C3/C,1,80
Terbinafine,CC(C)(C)C#C/C=C/CN(C)CC=2C=CC=C1C=CC=CC1=2,1,80
Ticlopidine,[Cl]C=1C=CC=CC=1CN3CC=2C=C[S]C=2CC3,1,80
Trimeprazine,C[C@]([H])(CN3C=1C=CC=CC=1[S]C=2C=CC=CC=23)CN(C)C,1,80
Trimipramine.mol,C[C@]([H])(CN3C=1C=CC=CC=1CCC2=CC=CC=C23)CN(C)C,1,80
Vitamin_A,CC(/C=C/C1=C(\C)CCCC1(C)C)=C/C=C/C(C)=CCO,1,80
Zatebradin,CN(CC/C1=C/C=C(/OC)C(=C1)OC)CCCN3CCC=2/C=C(/OC)C(=CC=2CC3=O)OC,1,79
Guanabenz,N=C(N)N/N=C/C1=C(\[Cl])C=C/C=C1/[Cl],1,78
Mefloquine.mol,[F]C([F])([F])C1=CC=CC=2C1=NC(=CC=2[C@@](O)([H])[C@]3([H])CCCCN3)C([F])([F])[F],1,78
Urapidil.mol,CN1C(=CC(=O)N(C)C1=O)NCCCN2CCN(CC2)C=3C=CC=CC=3OC,1,78
Ethylmorphine,CCN3CC[C@@]12[C@]4([H])C=5O[C@@]1([H])[C@](O)([H])C=C[C@]2([H])[C@]3([H])C[C@@]4([H])C=CC=5O,1,77
Pantoprazole.mol,COC=3C=C/N=C(/C[S](=O)C=2NC=1C=CC(=CC=1N=2)OC([F])([F])[H])C=3OC,1,77
Sibutramine,CC(C)([H])C[C@@]([H])(N(C)C)[C@]1(CCC1)C2=C/C=C(/[Cl])C=C2,1,77
Tolterodine,C/C1=C/C=C(/O)C(=C1)[C@@]([H])(CCN(C(C)(C)[H])C(C)(C)[H])C2=CC=CC=C2,1,77
Primidone.mol,CCC2(/C1=C/C=CC=C1)C(=O)NCNC2=O,1,75
Almotriptan.mol,CN(C)CC/C1=C/NC=2C=CC(=CC1=2)C[S](=O)(=O)N3CCCC3,1,75
Clavulanic_acid.mol,OC(=O)[C@]1([H])C(=CCO)O[C@@]2([H])CC(=O)N12,1,75
Ketoconazole,CC(=O)N1CCN(CC1)C=2C=CC(=CC=2)OC[C@]4([H])CO[C@](CN3C=CN=C3)(O4)C5=C/C=C(/[Cl])C=C5[Cl],1,75
Mesna.mol,O[S](=O)(=O)CC[S],1,75
Oseltamivir,CC(=O)N[C@]1([H])[C@](N)([H])CC(=C[C@]1([H])OC([H])(CC)CC)C(=O)OCC,1,75
Benzbromarone,CCC=2OC=1C=CC=CC=1C=2C(=O)C=3/C=C(/[Br])C(O)=C([Br])C=3,1,73
Quetiapine.mol,OCCOCCN1CCN(CC1)C3=NC2=CC=CC=C2[S]C4=CC=CC=C34,1,73
Ceftizoxime.mol,CO/N=C(/C1=C/[S]C(N)=N1)C(=O)N[C@]2([H])C(=O)N3C(=CC[S][C@@]23[H])C(O)=O,1,72
Cycloserine.mol,N[C@@]1([H])CONC1=O,1,72
Recainam,CC=1C=C/C=C(/C)C=1NC(=O)NCCCNC(C)(C)[H],1,71
Anagrelide.mol,O=C3CN2CC=1C(=C/C=C(/[Cl])C=1[Cl])N=C2N3,1,70
Benserazide,N[C@]([H])(CO)C(=O)NNC/C1=C/C=C(/O)C(O)=C1O,1,70
Bromhexine,CN(CC=1/C=C(/[Br])C=C([Br])C=1N)C2([H])CCCCC2,1,70
Etodolac.mol,CC/C1=C/C=CC2=C1N[C@]3([H])[C@@]2([H])CCOC3(CC(O)=O)CC(O)=O,1,70
Famciclovir.mol,CC(=O)OCC([H])(CCN2C=NC=1C=NC(N)=NC=12)COC(C)=O,1,70
Isocarboxazid,C/C1=C/C(=NO1)C(=O)NNC/C2=C/C=CC=C2,1,70
Mianserin.mol,CN4C[C@]3([H])C=1C=CC=CC=1CC2=CC=CC=C2N3CC4,1,70
Moxisylyte,CC=1/C=C(/OCCN(C)C)C(=CC=1OC(C)=O)C(C)(C)[H],1,70
Pimozide.mol,[F]/C1=C/C=C(C=C1)C([H])(CCN2CCC([H])(CC2)N4C=3C=CC=CC=3NC4=O)C5=C/C=C(/[F])C=C5,1,70
Mibefradil.mol,CCC(=O)O[C@]2(CCC=1/C=C(/[F])C=CC=1[C@]2([H])C(C)(C)[H])CCN(C)CCCC=4NC=3C=CC=CC=3N=4,1,69
Hydroflumethiazide.mol,[F]C([F])([F])C2=CC=1NCN[S](=O)(=O)C=1/C=C2/[S](N)(=O)=O,1,67
Sumatriptan.mol,CN[S](=O)(=O)C/C1=C/C2=C(C=C1)N/C=C2/CCN(C)C,1,67
Tolrestat,CN(CC(O)=O)C(=[S])C=2C=CC(=C1C=C(C=CC1=2)OC)C([F])([F])[F],1,66
Chlorthalidone.mol,N[S](=O)(=O)C1=CC(=C/C=C1/[Cl])[C@@]3(O)NC(=O)C=2C=CC=CC=23,1,65
Terbutaline.mol,CC(C)(C)NC[C@](O)([H])C1=CC(O)=CC(O)=C1,1,63
Sulfasalazine.mol,OC=1C=CC(=CC=1C(O)=O)N=NC=2C=CC(=CC=2)[S](=O)(=O)NC=3C=CC=CN=3,1,62
Furosemide.mol,N[S](=O)(=O)C2=CC([Cl])=CC(NC/C1=C/C=CO1)=C2C(O)=O,1,61
Fenoterol.mol,C[C@@]([H])(C/C1=C/C=C(/O)C=C1)N[C@](O)([H])CC=2/C=C(/O)C=C(O)C=2,1,60
Ivermectin,C/C5=C/[C@]4([H])C(=O)O[C@@]8([H])C[C@]([H])(C/C=C(/C)[C@@]([H])(O[C@]2([H])C[C@@]([H])(OC)[C@@]([H])(O[C@@]1([H])C[C@@]([H])(OC)[C@](O)([H])[C@@](C)([H])O1)[C@@](C)([H])O2)[C@](C)([H])C=CC=C3CO[C@@]([H])([C@@]34O)[C@]5(O)[H])O[C@@]7(C[C@]6([H])[C@](C)([H])[C@]([H])([C@@](C)([H])CC)[C@]6([H])O7)C8,1,60
Oxycodone.mol,CN4CC[C@@]23C=1C5=C/C=C(/OC)C=1O[C@]2([H])C(=O)CC[C@]3(O)[C@]4([H])C5,1,60
Pirbuterol,CC(C)(C)NC[C@](O)([H])C1=C/C=C(/O)C(CO)=N1,1,60
Ramipril.mol,C[C@@]([H])(N[C@]([H])(CC/C1=C/C=CC=C1)C(=O)OCC)C(=O)N3[C@@]([H])(C[C@]2([H])CCC[C@@]23[H])C(O)=O,1,60
Ziprasidone.mol,O=C5CC4=CC(CCN1CCN(CC1)C2=N[S]C=3C=CC=CC2=3)=C([Cl])C=C4N5,1,60
Cilazapril.mol,CCOC(=O)[C@]([H])(CC/C1=C/C=CC=C1)N[C@]3([H])CCCN2CCC[C@@]([H])(C(O)=O)N2C3=O,1,59
Dipyridamole.mol,OCCN(CCO)C3=NC=1C(=NC(=NC=1N2CCCCC2)N(CCO)CCO)C(=N3)N4CCCCC4,1,58
Oxytetracycline.mol,C[C@@]4(O)C1=CC=CC(O)=C1C(O)=C3C(=O)[C@]2(O)C(=O)C(=C(O)[C@]([H])(N(C)C)[C@]2([H])[C@](O)([H])[C@]34[H])C(N)=O,1,58
Eflornithine.mol,[F]C([F])([H])[C@](N)(CCCN)C(O)=O,1,55
Valsartan.mol,CCCCC(=O)N(C/C1=C/C=C(C=C1)C=2C=CC=CC=2C=3NN=NN=3)[C@]([H])(C(O)=O)C(C)(C)[H],1,55
Metformin.mol,CN(C)C(=N)NC(=N)N,1,54
Atenolol.mol,CC(C)([H])NC[C@@](O)([H])CO/C1=C/C=C(C=C1)CC(N)=O,1,50
Cefpodoxime_proxetil.mol,CC(C)([H])OC(=O)O[C@](C)([H])OC(=O)C1=C(COC)C[S][C@]2([H])N1C(=O)[C@]2([H])NC(=O)C(=NOC)C3=C[S]C(N)=N3,1,50
Guanoxan,N=C(N)NC[C@]2([H])COC=1C=CC=CC=1O2,1,50
Trandolapril.mol,C[C@@]([H])(N[C@]([H])(CC/C1=C/C=CC=C1)C(=O)OCC)C(=O)N3[C@@]([H])(C[C@]2([H])CCCC[C@@]23[H])C(O)=O,1,50
Rimiterol,O/C1=C/C=C(/C=C1/O)[C@@](O)([H])[C@]2([H])CCCCN2,1,48
Cymarin,C=C[C@@]12CC[C@]([H])(C[C@]1(O)CC[C@]3([H])[C@]2([H])CC[C@]4(C)[C@@]([H])(CC[C@@]34O)C5=CC(=O)OC5)O[C@@]6([H])C[C@@]([H])(OC)[C@](O)([H])[C@@](C)([H])O6,1,47
Metaproterenol.mol,CC(C)([H])NC[C@](O)([H])C1=CC(O)=CC(O)=C1,1,43
Famotidine.mol,N[S](=O)(=O)N=C(N)CC[S]C/C1=C/[S]C(=N1)N=C(N)N,1,41
Sulpiride.mol,CCN2CC[C@]([H])(CNC(=O)C1=CC(=C/C=C1/OC)[S](N)(=O)=O)C2,1,40
Dihydroergotamine.mol,C[C@@]5(NC(=O)[C@@]2([H])C[C@]1([H])C3=CC=CC=4NC=C(C[C@]1([H])N(C)C2)C3=4)O[C@]7(O)N(C5=O)[C@]([H])(CC=6C=CC=CC=6)C(=O)N8CCC[C@@]78[H],1,35
AAFC,[F]/C1=C/N3C(=NC1=N)O[C@]2([H])[C@](O)([H])[C@]([H])(CO)O[C@@]23[H],1,32
Nadolol.mol,CC(C)(C)NC[C@@](O)([H])COC=2C=CC=C1C[C@@](O)([H])[C@](O)([H])CC1=2,1,32
Fosmidomycin,ON(C=O)CCC[P](O)(O)=O,-1,30
Lincomycin.mol,CCC[C@]2([H])C[C@]([H])(C(=O)N[C@@]([H])([C@](C)(O)[H])[C@]1([H])O[C@@]([H])([S]C)[C@](O)([H])[C@](O)([H])[C@@]1(O)[H])N(C)C2,-1,28
Netivudine,CC#C/C1=C/N(C(=O)NC1=O)[C@]2([H])O[C@]([H])(CO)[C@](O)([H])[C@]2(O)[H],-1,28
Cilazaprilat.mol,OC(=O)[C@]([H])(CCC=1C=CC=CC=1)N[C@]3([H])CCCN2CCC[C@@]([H])(C(O)=O)N2C3=O,-1,20
Acamprosate.mol,CC(=O)NCCC[S](O)(=O)=O,-1,11
Cefmetazole,CN1N=N/N=C1/[S]CC=2C[S][C@]3([H])N(C=2C(O)=O)C(=O)[C@]3(NC(=O)C[S]CC#N)OC,-1,10
Amygdalin,N#C[C@]([H])(O[C@]2([H])O[C@@]([H])(CO[C@]1([H])O[C@@]([H])(CO)[C@](O)([H])[C@@](O)([H])[C@@]1(O)[H])[C@](O)([H])[C@@](O)([H])[C@@]2(O)[H])C=3C=CC=CC=3,-1,5
Cefotaxime,C=C(N[C@]1([H])C(=O)N2/C(=C(/COC(C)=O)C[S][C@@]12[H])C(O)=O)C(=NOC)C3=C[S]C(N)=N3,-1,5
Chlorhexidine,N=C(N/C1=C/C=C(/[Cl])C=C1)NC(=N)NCCCCNC(=N)NC(=N)N/C2=C/C=C(/[Cl])C=C2,-1,5
Diatrizoate,CC(=O)NC=1C([I])=C(C([I])=C(NC(C)=O)C=1[I])C(O)=O,-1,5
Edetic_acid,OC(=O)CN(CC(O)=O)CCN(CC(O)=O)CC(O)=O,-1,5
Etidronate.mol,CC(O)([P](O)(O)=O)[P](O)(O)=O,-1,5
Imipenem.mol,C[C@@](O)([H])[C@]1([H])C(=O)N2C(=C(C[C@@]12[H])[S]CC/N=C/N)C(O)=O,-1,5
Iohexol,CC(=O)N(C[C@@](O)([H])CO)C=1C([I])=C(C([I])=C(C=1[I])C(=O)NC[C@@](O)([H])CO)C(=O)NC[C@@](O)([H])CO,-1,5
Iotroxic_acid,[I]/C2=C/C([I])=C(NC(=O)COCCOCCOCC(=O)NC=1C([I])=CC([I])=C(C=1[I])C(O)=O)C([I])=C2C(O)=O,-1,5
Mitoxantrone,O/C1=C/C=C(/O)C3=C1C(=O)C2=C(C(=C/C=C2/NCCNCCO)NCCNCCO)C3=O,-1,5
Moexipril_diacid,C[C@@]([H])(N[C@]([H])(CCC=1C=CC=CC=1)C(O)=O)C(=O)N3CC=2/C=C(/OC)C(=CC=2C[C@]3([H])C(O)=O)OC,-1,5
Pamidronic_acid,NCCC(O)([P](O)(O)=O)[P](O)(O)=O,-1,5
Phthalylsulfathiazole,OC(=O)C=1C=CC=CC=1C(=O)N/C2=C/C=C(C=C2)[S](=O)(=O)N/C3=N/C=C[S]3,-1,5
Succinylsulfathiazole,OC(=O)CCC(=O)N/C1=C/C=C(C=C1)[S](=O)(=O)N/C2=N/C=C[S]2,-1,5
Sulbactam,CC2(C)[C@]([H])(C(O)=O)N1C(=O)C[C@]1([H])[S]2(=O)=O,-1,5
Ticarcillin,CC3(C)[S][C@]1([H])N(C(=O)[C@]1([H])NC(=O)[C@]([H])(C=2C=C[S]C=2)C(O)=O)[C@]3([H])C(O)=O,-1,5
Amphotericin_B.mol,C[C@]2([H])C=CC=CC=CC=CC=CC=CC=C[C@@](O)(C[C@]1([H])O[C@](O)(C[C@](O)([H])[C@@]1([H])C(O)=O)C[C@](O)([H])C[C@](O)([H])[C@@](O)([H])CC[C@](O)([H])C[C@](O)([H])CC(=O)O[C@](C)([H])[C@](C)([H])[C@]2(O)[H])O[C@]3([H])O[C@](C)([H])[C@](O)([H])[C@@](N)([H])[C@@]3(O)[H],-1,3
Clodronate.mol,O[P](O)(=O)C([Cl])([Cl])[P](O)(O)=O,-1,3
Nedocromil.mol,CCCC=1C3=C(C=C2C=1OC(=CC2=O)C(O)=O)C(=O)C=C(C(O)=O)N3CC,-1,3
Neomycin.mol,NC[C@]4([H])O[C@@]([H])(CO[C@]1([H])[C@](O)([H])[C@@]([H])(O[C@]1([H])CO)O[C@]2([H])[C@](O)([H])[C@](N)([H])C[C@@](N)([H])[C@]2([H])O[C@]3([H])O[C@@]([H])(CN)[C@](O)([H])[C@](O)([H])[C@@]3(N)[H])[C@](N)([H])[C@@](O)([H])[C@@]4(O)[H],-1,3
Acarbose.mol,C[C@]3([H])O[C@@]([H])(O[C@@]1([H])[C@](O)([H])[C@@](O)([H])[C@@]([H])(O[C@]1([H])CO)O[C@@]2([H])[C@](O)([H])[C@@](O)([H])[C@](O)([H])O[C@]2([H])CO)[C@](O)([H])[C@](O)([H])[C@]3([H])N[C@]4([H])C=C(CO)[C@@](O)([H])[C@@](O)([H])[C@]4(O)[H],-1,2
Alendronic_acid.mol,NCCCC(O)([P](O)(O)=O)[P](O)(O)=O,-1,1
Aztreonam.mol,CC(C)(O/N=C(/C1=C/[S]C(N)=N1)C(=O)N[C@@]2([H])C(=O)N([C@@]2(C)[H])[S](O)(=O)=O)C(O)=O,-1,1
Ceftriaxone.mol,CN1/N=C(/O)C(=O)N=C1[S]CC=2C[S][C@]3([H])N(C=2C(O)=O)C(=O)[C@]3([H])NC(=O)C(=NOC)C4=C[S]C(N)=N4,-1,1
Lactulose.mol,OC[C@]1([H])O[C@@](O)(CO)[C@](O)([H])[C@]1([H])O[C@]2([H])O[C@@]([H])(CO)[C@](O)([H])[C@@](O)([H])[C@@]2(O)[H],-1,1
Risedronic_acid.mol,OC(C/C1=C/C=CN=C1)([P](O)(O)=O)[P](O)(O)=O,-1,1
Streptomycin.mol,C[C@]3([H])O[C@]([H])(O[C@]1([H])[C@@]([H])(NC(=N)N)[C@@](O)([H])[C@]([H])(NC(=N)N)[C@@](O)([H])[C@@]1(O)[H])[C@]([H])(O[C@]2([H])O[C@@]([H])(CO)[C@](O)([H])[C@](O)([H])[C@]2([H])NC)[C@]3(O)C=O,-1,1
Arbekacin.mol,NCC[C@](O)([H])C(=O)N[C@]2([H])C[C@@](N)([H])[C@]([H])(O[C@]1([H])O[C@]([H])(CC[C@@]1(N)[H])CN)[C@@](O)([H])[C@]2([H])O[C@]3([H])O[C@@]([H])(CO)[C@](O)([H])[C@@](N)([H])[C@@]3(O)[H],-1,0
Pentamidine.mol,N=C(N)C1=CC=C(C=C1)OCCCCCOC=2C=CC(=CC=2)C(=N)N,-1,0
Raffinose.mol,OC[C@]3([H])O[C@@](CO)(O[C@]2([H])O[C@@]([H])(CO[C@]1([H])O[C@@]([H])(CO)[C@](O)([H])[C@@](O)([H])[C@@]1(O)[H])[C@](O)([H])[C@@](O)([H])[C@@]2(O)[H])[C@](O)([H])[C@]3(O)[H],-1,0
Streptozocin.mol,CN(N=O)C(=O)N[C@]1([H])[C@@](O)([H])[C@@](O)([H])[C@]([H])(CO)O[C@@]1(O)[H],-1,0
Tobramycin.mol,NC[C@]3([H])O[C@@]([H])(O[C@]2([H])[C@](N)([H])C[C@@](N)([H])[C@]([H])(O[C@]1([H])O[C@@]([H])(CO)[C@](O)([H])[C@@](N)([H])[C@@]1(O)[H])[C@]2(O)[H])[C@](N)([H])C[C@@]3(O)[H],-1,0
Vancomycin,CC(C)([H])C[C@@]([H])(NC)C(=O)N[C@]%10([H])C(=O)N[C@]([H])(CC(N)=O)C(=O)N[C@]2([H])C8=CC(OC1=CC=C(/C=C1/[Cl])[C@](O)([H])[C@]5([H])NC(=O)[C@@]([H])(NC2=O)C3=C/C=C(/O)C(=C3)C=4C(=CC(O)=CC=4O)[C@@]([H])(NC5=O)C(O)=O)=C(O[C@]6([H])O[C@@]([H])(CO)[C@](O)([H])[C@@](O)([H])[C@@]6([H])O[C@]7([H])C[C@@](C)(N)[C@@](O)([H])[C@@](C)([H])O7)C(=C8)OC9=CC=C(/C=C9/[Cl])[C@@]%10(O)[H],-1,0
Azlocillin.mol,CC4(C)[S][C@]1([H])N(C(=O)[C@]1([H])NC(=O)[C@@]([H])(NC(=O)N2CCNC2=O)C3=CC=CC=C3)[C@]4([H])C(O)=O,-1,0
Cefodizime.mol,CC=1N=C([S]C=1CC(O)=O)[S]CC=2C[S][C@]3([H])N(C=2C(O)=O)C(=O)[C@]3([H])NC(=O)C(=NOC)C4=C[S]C(N)=N4,-1,0
Gentamicin_C1.mol,C[C@@]3(O)CO[C@@]([H])(O[C@@]2([H])[C@](N)([H])C[C@@](N)([H])[C@]([H])(O[C@]1([H])O[C@]([H])(CC[C@@]1(N)[H])[C@@](C)([H])NC)[C@@]2(O)[H])[C@](O)([H])[C@]3([H])NC,-1,0
Gentamicin_C1a.mol,CC[C@]3([H])CC[C@@](N)([H])[C@]([H])(O[C@]2([H])[C@](N)([H])C[C@@](N)([H])[C@]([H])(O[C@]1([H])OC[C@@](C)(O)[C@]([H])(NC)[C@@]1(O)[H])[C@]2(O)[H])O3,-1,0
Lucifer_Yellow_CH.mol,N/C2=C1\C=C(C=C3C1=C(/C=C2/[S](O)(=O)=O)C(=O)N(NNC(=O)NN)C3=O)[S](O)(=O)=O,-1,0
Meropenem.mol,C[C@]2([H])C([S][C@]1([H])CC[C@@]([H])(N1)C(=O)N(C)C)=C(C(O)=O)N3C(=O)[C@@]([H])([C@@]23[H])[C@](C)(O)[H],-1,0
Mezlocillin,CC4(C)[S][C@]1([H])N(C(=O)[C@]1([H])NC(=O)[C@@]([H])(NC(=O)N2CCN(C2=O)[S](C)(=O)=O)C3=CC=CC=C3)[C@]4([H])C(O)=O,-1,0
Netilmicin,C[C@@]3(O)CO[C@@]([H])(O[C@]2([H])[C@@]([H])(C[C@@](N)([H])[C@]([H])(O[C@]1([H])C[C@](N)([H])C=C(CN)O1)[C@@]2(O)[H])NCC)[C@](O)([H])[C@]3([H])NC,-1,0
Alcuronium.mol,C=CC[N@@+]12C/C(=C\CO)[C@@]7([H])C[C@]1([H])[C@]8(CC2)C=3C=CC=CC=3N9C=C%10[C@@]5([H])C[C@@]4([H])[C@]%11(CC[N@@+]4(CC=C)C/C5=C\CO)C6=CC=CC=C6N(C=C7[C@]89[H])[C@@]%10%11[H],-1,0
Atracurium.mol,C[N@+]2(CCC1=CC(OC)=C(C=C1[C@]2([H])C/C3=C/C=C(/OC)C(=C3)OC)OC)CCC(=O)OCCCCCOC(=O)CC[N@+]5(C)CCC=4/C=C(/OC)C(=CC=4[C@]5([H])C/C6=C/C=C(/OC)C(=C6)OC)OC,-1,0
Bephenium,C[N+](C)(C/C1=C/C=CC=C1)CCOC=2C=CC=CC=2,-1,0
Bethanechol,C[C@@]([H])(C[N+](C)(C)C)OC(N)=O,-1,0
Bretylium.mol,CC[N+](C)(C)CC=1C=CC=CC=1[Br],-1,0
Butylscopolamine,CCCC[N+]1(C)[C@]2([H])C[C@@]([H])(C[C@]1([H])[C@]3([H])O[C@]23[H])OC(=O)[C@@]([H])(CO)C=4C=CC=CC=4,-1,0
Carnitine.mol,CC(=O)O[C@]([H])(CC(O)=O)C[N+](C)(C)C,-1,0
Cefpirome,CO/N=C(/C1=C/[S]C(N)=N1)C(=O)N[C@]3([H])C(=O)N4/C(=C(/C[N+]=2C=CC=CC=2)C[S][C@@]34[H])C(O)=O,-1,0
Ceftazidime.mol,CC(C)(O/N=C(/C1=C/[S]C(N)=N1)C(=O)N[C@]3([H])C(=O)N4/C(=C(/C[N+]=2C=CC=CC=2)C[S][C@@]34[H])C(O)=O)C(O)=O,-1,0
Diphemanil,C[N+]1(C)CCC(CC1)=C(/C2=C/C=CC=C2)C=3C=CC=CC=3,-1,0
Edrophonium.mol,CC[N+](C)(C)C1=CC=CC(O)=C1,-1,0
Gallamine_triethiodide,CC[N+](CC)(CC)CCOC=1C=C/C=C(/OCC[N+](CC)(CC)CC)C=1OCC[N+](CC)(CC)CC,-1,0
Glycopyrrolate.mol,C[N+]1(C)CC[C@@]([H])(C1)OC(=O)[C@@](O)(C=2C=CC=CC=2)[C@]3([H])CCCC3,-1,0
Ipratropium,CC(C)([H])[N+]1(C)[C@]2([H])CC[C@]1([H])C[C@@]([H])(C2)OC(=O)[C@@]([H])(CO)C3=CC=CC=C3,-1,0
Mivacurium.mol,C[N@+]2(CCC1=CC(OC)=C(C=C1[C@]2([H])C/C3=C/C(OC)=C(OC)C(=C3)OC)OC)CCCOC(=O)CC/C=C/CCC(=O)OCCC[N@+]5(C)CCC=4/C=C(/OC)C(=CC=4[C@]5([H])C/C6=C/C(OC)=C(OC)C(=C6)OC)OC,-1,0
Neostigmine.mol,C[N+](C)(C)C1=CC=CC(=C1)OC(=O)N(C)C,-1,0
Obidoxime,O/N=C/C1=C/C=[N+](C=C1)COC[N+]=2C=CC(=CC=2)C=NO,-1,0
Oxitropium.mol,CC[N+]1(C)[C@]2([H])C[C@@]([H])(C[C@]1([H])[C@]3([H])O[C@]23[H])OC(=O)[C@@]([H])(CO)C=4C=CC=CC=4,-1,0
Pancuronium.mol,CC(=O)O[C@@]5([H])[C@]4(C)CC[C@]2([H])[C@@]([H])(CC[C@]1([H])C[C@@]([H])(OC(C)=O)[C@]([H])(C[C@@]12C)[N+]3(C)CCCCC3)[C@@]4([H])C[C@@]5([H])[N+]6(C)CCCCC6,-1,0
Pentolinium,C[N+]1(CCCC1)CCCCC[N+]2(C)CCCC2,-1,0
Poldine,C[N+]1(C)CCC[C@]1([H])COC(=O)C(O)(C=2C=CC=CC=2)C3=CC=CC=C3,-1,0
Pralidoxime,C[N+]=1C=CC=CC=1/C=N/O,-1,0
Propantheline,CC(C)([H])[N+](C)(CCOC(=O)[C@@]2([H])C=1C=CC=CC=1OC=3C=CC=CC2=3)C(C)(C)[H],-1,0
Trospium_chloride.mol,CC[C@]1([H])C[C@@]([H])(C[C@@](C)([H])[N+]12CCCC2)OC(=O)C(O)(C=3C=CC=CC=3)C=4C=CC=CC=4,-1,0
Tubocurarine,C[N+]2(C)CCC1=CC(OC)=C7C=C1[C@]2([H])CC3=CC=C(C=C3)OC=4C5=C(/C=C(/OC)C=4O)CC[N+](C)(C)[C@]5([H])CC6=C/C=C(/O)C(=C6)O7,-1,0
Vecuronium.mol,CC(=O)O[C@@]5([H])[C@]4(C)CC[C@]2([H])[C@@]([H])(CC[C@]1([H])C[C@@]([H])(OC(C)=O)[C@]([H])(C[C@@]12C)N3CCCCC3)[C@@]4([H])C[C@@]5([H])[N+]6(C)CCCCC6,-1,0
Chlorambucil.mol,OC(=O)CCC/C1=C/C=C(C=C1)N(CC[Cl])CC[Cl],1,100
Cinchonine,C=C[C@]1([H])CN2CC[C@]1([H])C[C@@]2([H])[C@](O)([H])C=3C=CN=C4C=CC=CC=34,1,100
Dextromoramide.mol,C[C@]([H])(CN1CCOCC1)C(C=2C=CC=CC=2)(C=3C=CC=CC=3)C(=O)N4CCCC4,1,100
Doxepin.mol,CN(C)CCC[C@]2([H])C1=CC=CC=C1COC3=CC=CC=C23,1,100
Etoricoxib,CC=1C=CC(=CN=1)C2=C(/C=C(/[Cl])C=[N+]2[O-])C3=CC=C(C=C3)[S](C)(=O)=O,1,100
Flurazepam.mol,CCN(CC)CCN2C=1C=CC([Cl])=CC=1C(=NCC2=O)C3=CC=C/C=C3/[F],1,100
Gestodene.mol,C#C[C@@]4(O)C=C[C@]3([H])[C@]2([H])CCC1=CC(=O)CC[C@]1([H])[C@]2([H])CC[C@@]34CC,1,100
Guanfacine.mol,NC(N)=NC(=O)CC=1C([Cl])=CC=CC=1[Cl],1,100
Aminoglutethimide,CC[C@]1(CCC(=O)NC1=O)C2=C/C=C(/N)C=C2,1,100
Indoprofen,C[C@@]([H])(C=1C=CC(=CC=1)N3CC2=CC=CC=C2C3=O)C(O)=O,1,100
Ketazolam,C/C3=C/C(=O)N2CC(=O)N(C)C=1C=CC([Cl])=CC=1[C@@]2(O3)C=4C=CC=CC=4,1,100
Linezolid.mol,CC(=O)NC[C@@]3([H])CN(/C1=C/C([F])=C(C=C1)N2CCOCC2)C(=O)O3,1,100
Azelastine.mol,CN1CCC[C@]([H])(CC1)N4N[C@@]([H])(C/C2=C/C=C(/[Cl])C=C2)C3=CC=CC=C3C4=O,1,100
Mebendazole.mol,COC(=O)NC=2NC1=CC(=CC=C1N=2)C(=O)C=3C=CC=CC=3,1,100
Methocarbamol,CO/C1=C/C=C/C=C1/OC[C@@](O)([H])COC(N)=O,1,100
Nafronyl,CCN(CC)CCOC(=O)[C@]([H])(C/C2=C/C1=CC=CC=C1C=C2)C[C@@]3([H])CCCO3,1,100
Betahistine,CNCC/C1=C/C=CC=N1,1,100
Nilutamide,CC2(C)NC(=O)N(/C1=C/C(=C(C=C1)[N+]([O-])=O)C([F])([F])[F])C2=O,1,100
Norgestrel.mol,C#C[C@@]4(O)CC[C@]3([H])[C@]2([H])CCC1=CC(=O)CC[C@]1([H])[C@]2([H])C=C[C@@]34CC,1,100
Oxatomide,O=C2NC1=CC=CC=C1N2CCCN3CCN(CC3)C([H])(C=4C=CC=CC=4)C=5C=CC=CC=5,1,100
Penbutolol.mol,CC(C)(C)NC[C@@](O)([H])CO/C1=C/C=C/C=C1/[C@@]2([H])CCCC2,1,100
Phenobarbital.mol,CCC2(C=1C=CC=CC=1)C(=O)NC(=O)NC2=O,1,100
Procyclidine.mol,O[C@@](CCN1CCCC1)(C=2C=CC=CC=2)[C@@]3([H])CCCCC3,1,100
Quinagolide,CCCN3C[C@]([H])(C[C@]2([H])CC1=C(C=C/C=C1/O)C[C@@]23[H])N[S](=O)(=O)N(CC)CC,1,100
Stavudine.mol,C/C1=C/N(C(=O)N=C1N)[C@@]2([H])C=C[C@]([H])(CO)O2,1,100
Tamsulosin.mol,C[C@@]([H])(C/C1=C/C=C(/OC)C(=C1)[S](N)(=O)=O)NCCO/C2=C/C=C/C=C2/OCC,1,100
Tetrabenazine.mol,CC(C)([H])C[C@]3([H])CN2CCC=1/C=C(/OC)C(=CC=1[C@]2([H])CC3=O)OC,1,100
Buspirone.mol,O=C1CC4(CC(=O)N1CCCCN2CCN(CC2)C3=NC=CC=N3)CCCC4,1,100
Trazodone.mol,O=C2N1C=CC=CC1=NN2CCCN3CCN(CC3)C4=CC=CC([Cl])=C4,1,100
Zaleplon.mol,CC(=O)N(CC)C=1C=C(C=CC=1)C3=CC=N/C2=C(\C#N)C=NN23,1,100
Desmethyldiazepam.mol,O=C3C/N=C(/C=1C=CC=CC=1)C=2/C=C(/[Cl])C=CC=2N3,1,99
Naproxen.mol,C[C@@]([H])(C2=CC=1C=CC(=CC=1C=C2)OC)C(O)=O,1,99
Tolmetin.mol,C/C1=C/C=C(C=C1)C(=O)C2=C/C=C(/CC(O)=O)N2C,1,99
Desipramine.mol,CNCCCN3C1=CC=CC=C1CCC2=CC=CC=C23,1,98
Imipramine.mol,CN(C)CCCN3C1=CC=CC=C1CCC2=CC=CC=C23,1,98
Maprotiline.mol,CNCCC[C@]24CC[C@]([H])(C1=CC=CC=C12)C3=CC=CC=C34,1,98
Phenylbutazone.mol,CCCC[C@]2([H])C(=O)C(=O)N(C=1C=CC=CC=1)N2C=3C=CC=CC=3,1,98
Ximoprofen,C[C@@]([H])(C1=CC=C(C=C1)[C@@]2([H])CC(CCC2)=NO)C(O)=O,1,98
Diclofenac.mol,OC(=O)C/C1=C/C=C/C=C1/N/C2=C/C=C(/[Cl])C=C2[Cl],1,97
Trimethoprim.mol,COC=1C=C(/C=C(/OC)C=1OC)C/C2=C/N=C(/N)N=C2N,1,97
Capecitabine,CCCCCOC(=O)N/C1=N/C(=O)N(/C=C1/[F])[C@]2([H])O[C@](C)([H])[C@](O)([H])[C@]2(O)[H],1,96
Praziquantel.mol,O=C(N3CC(=O)N2CCC1=CC=CC=C1[C@]2([H])C3)[C@@]4([H])CCCCC4,1,96
Acitretin.mol,CC=1/C=C(/OC)C(C)=C(C)C=1/C=C/C(C)=C/C=C/C(C)=CC(O)=O,1,95
Cinoxacin,CCN3N=C(C(=O)C=2C=C1OCOC1=CC=23)C(O)=O,1,95
Delmopinol,CCCC([H])(CCC)CCC[C@]1([H])COCCN1CCO,1,95
Fenfluramine.mol,C[C@@]([H])(CNCC)C=1C=CC=C(C=1)C([F])([F])[F],1,95
Gliquidone,CC4(C)C=1C=CC(=CC=1C(=O)N(CC/C2=C/C=C(C=C2)[S](=O)(=O)NC(=O)NC3([H])CCCCC3)C4=O)OC,1,95
Labetalol.mol,C[C@@]([H])(CCC=1C=CC=CC=1)NC[C@](O)([H])C2=C/C=C(/O)C(=C2)C(N)=O,1,95
Naltrexone.mol,OC=2C=CC=1C[C@@]5([H])N(CC[C@@]34C=1C=2O[C@]3([H])C(=O)CC[C@@]45O)C[C@]6([H])CC6,1,95
Oxprenolol.mol,C=CCO/C1=C/C=C/C=C1/OC[C@](O)([H])CNC(C)(C)[H],1,95
Phenprocoumon,CC[C@]([H])(C=1C=CC=CC=1)C3=C(O)C2=CC=CC=C2OC3=O,1,95
Propoxyphene.mol,CCC(=O)O[C@@](CC=1C=CC=CC=1)(C=2C=CC=CC=2)[C@](C)([H])CN(C)C,1,95
Bifemelane.mol,CNCCCCO/C1=C/C=C/C=C1/CC=2C=CC=CC=2,1,95
Sulfamethazine.mol,C/C2=C/C(C)=NC(N[S](=O)(=O)C1=C/C=C(/N)C=C1)=N2,1,95
Tramadol.mol,CN(C)C[C@]1([H])CCCC[C@]1(O)C2=CC=CC(=C2)OC,1,95
Dienogest.mol,C[C@@]34CCC2=C1CCC(=O)C=C1CC[C@]2([H])[C@@]3([H])CC[C@]4(O)CC#N,1,94
Codeine.mol,CN4CC[C@@]23C1=C5C=CC(OC)=C1O[C@@]2([H])[C@](O)([H])C=C[C@]3([H])[C@]4([H])C5,1,93
Saccharin.mol,O=C1N[S](=O)(=O)C2=CC=CC=C12,1,91
Alprazolam.mol,C/C3=N/N=C4C/N=C(/C=1C=CC=CC=1)C=2/C=C(/[Cl])C=CC=2N34,1,90
Diazoxide.mol,CC=2N[S](=O)(=O)C1=CC([Cl])=CC=C1N=2,1,90
Ethionamide,CC/C1=C/C(=CC=N1)C(N)=[S],1,90
Hydroxychloroquine.mol,C[C@@]([H])(CCN(CC)CCO)NC=1C=CN=C2/C=C(/[Cl])C=CC=12,1,90
Levosimendan,C[C@@]1([H])CC(=O)N/N=C1/C=2C=CC(=CC=2)N/N=C(\C#N)C#N,1,90
Mestranol,C#C[C@@]4(O)CC[C@]3([H])[C@]2([H])CCC=1C=C(C=CC=1[C@]2([H])CC[C@@]34C)OC,1,90
Nifedipine.mol,CC=2NC(C)=C(OC(C)=O)[C@@]([H])(C1=CC=C/C=C1/[N+]([O-])=O)C=2C(=O)OC,1,90
Bicalutamide,C[C@@](O)(C[S](=O)(=O)C=1C=CC([F])=CC=1)C(=O)N/C2=C/C(=C(/C#N)C=C2)C([F])([F])[F],1,90
Pindolol.mol,CC(C)([H])NC[C@@](O)([H])CO/C2=C/C=CC=1NC=CC=12,1,90
Rizatriptan.mol,CN(C)CC/C1=C/NC2=CC=C(C=C12)CN3C=NC=N3,1,90
Telmisartan.mol,CC=1C[C@]([H])(C=C2C=1/N=C(/CCC)N2CC=3C=CC(=CC=3)C4=CC=C/C=C4/C(O)=O)C6=NC5=CC=CC=C5N6C,1,90
Tolbutamide.mol,C/C1=C/C=C(C=C1)[S](=O)(=O)NC(=O)NCCCC,1,90
Chloramphenicol.mol,OC[C@@]([H])(NC(=O)C([Cl])([Cl])[H])[C@](O)([H])C1=CC=C(C=C1)[N+]([O-])=O,1,89
Moclobemide.mol,O=C(NCCN1CCOCC1)C2=C/C=C(/[Cl])C=C2,1,88
Clobazam,CN3C=1C=CC([Cl])=CC=1N(C=2C=CC=CC=2)C(=O)CC3=O,1,87
Topiramate.mol,CC3(C)O[C@]1([H])[C@]([H])(CO[C@]2(CO[S](N)(=O)=O)OC(C)(C)O[C@@]12[H])O3,1,86
Fenoprofen.mol,C[C@@]([H])(C1=CC=CC(=C1)OC=2C=CC=CC=2)C(O)=O,1,85
Propiverine,CCCOC(/C1=C/C=CC=C1)(C=2C=CC=CC=2)C(=O)OC3([H])CCN(C)CC3,1,84
Sorivudine,OC[C@]2([H])O[C@]([H])(N1C[C@@]([H])(C=C[Br])C(=O)NC1=O)[C@](O)([H])[C@@]2(O)[H],1,82
Piroximone.mol,CCC=1NC(=O)NC=1C(=O)C2=CC=NC=C2,1,81
Cyproheptadine,CN1CCC(CC1)=C4C2=CC=CC=C2C=CC3=CC=CC=C34,1,80
Flunisolide.mol,C[C@]15C=CC(=O)C=C1[C@]([F])([H])C[C@@]4([H])[C@]3([H])C[C@]2([H])OC(C)(C)O[C@]2(C(=O)CO)[C@]3(C)C[C@](O)([H])[C@@]45[H],1,80
Losartan.mol,CCCC/C1=N/C([Cl])=C(CO)N1C/C2=C/C=C(C=C2)C3=CC=C/C=C3/C=4NN=NN=4,1,80
Metyrapone,CC(C)(C1=CC=CN=C1)C(=O)C=2C=CC=NC=2,1,80
Pizotyline,CN1CCC(CC1)=C3C2=CC=CC=C2CCC=4[S]C=CC3=4,1,80
Ethambutol.mol,CC[C@]([H])(CO)NCCN[C@@]([H])(CC)CO,1,78
Propylthiouracil.mol,CCC/C1=C/C(=O)NC(=[S])N1,1,76
Estramustine,C[C@@]34CC[C@]2([H])C1=CC=C(C=C1CC[C@]2([H])[C@@]3([H])CC[C@@]4(O)[H])OC(=O)N(CC[Cl])CC[Cl],1,75
Desogestrel.mol,C#C[C@@]4(O)CC[C@@]3([H])[C@]2([H])CCC1=CCCC[C@]1([H])[C@]2([H])C(=C)C[C@]34CC,1,72
Naratriptan.mol,CN[S](=O)(=O)CCC=2C=C1C=C(NC1=CC=2)C3([H])CCN(C)CC3,1,70
Hydrochlorothiazide.mol,N[S](=O)(=O)C1=CC2=C(/C=C1/[Cl])NCN[S]2(=O)=O,1,68
Metolazone.mol,C/C1=C/C=C/C=C1/N3C(=O)C=2C=C(C([Cl])=CC=2N[C@@]3(C)[H])[S](N)(=O)=O,1,64
Reproterol,CN3C=2N=CN(CCCNC[C@](O)([H])C=1/C=C(/O)C=C(O)C=1)C=2C(=O)N(C)C3=O,1,60
Tranexamic_acid.mol,NC[C@]1([H])CC[C@@]([H])(CC1)C(O)=O,1,55
Erythromycin.mol,CC[C@]3([H])OC(=O)[C@@](C)([H])[C@@]([H])(O[C@@]1([H])C[C@@](C)(OC)[C@@](O)([H])[C@@](C)([H])O1)[C@@](C)([H])[C@@]([H])(O[C@]2([H])O[C@](C)([H])C[C@@]([H])(N(C)C)[C@@]2(O)[H])[C@](C)(O)C[C@](C)([H])C(=O)[C@](C)([H])[C@@](O)([H])[C@]3(C)O,1,35
Tiludronic_acid,O[P](O)(=O)C([H])(C/C1=C/C=C(/[Cl])C=C1)[P](O)(O)=O,-1,6
Zanamivir.mol,CC(=O)N[C@]1([H])[C@@]([H])(C=C(O[C@]1([H])[C@](O)([H])[C@@](O)([H])CO)C(O)=O)NC(=N)N,-1,2
Kanamycin.mol,CC(=O)NC[C@]3([H])O[C@@]([H])(O[C@@]2([H])[C@](N)([H])C[C@@](N)([H])[C@]([H])(O[C@]1([H])O[C@@]([H])(CO)[C@](O)([H])[C@@](N)([H])[C@@]1(O)[H])[C@@]2(O)[H])[C@](O)([H])[C@](O)([H])[C@@]3(O)[H],-1,1
Amikacin.mol,NCC[C@](O)([H])C(=O)N[C@]2([H])C[C@@](N)([H])[C@]([H])(O[C@]1([H])O[C@@]([H])(CN)[C@](O)([H])[C@@](O)([H])[C@@]1(O)[H])[C@@](O)([H])[C@]2([H])O[C@]3([H])O[C@@]([H])(CO)[C@](O)([H])[C@@](N)([H])[C@@]3(O)[H],-1,0
Moxalactam.mol,CN1N=N/N=C1/[S]CC=2CO[C@]3([H])N(C=2C(O)=O)C(=O)[C@]3(NC(=O)[C@]([H])(C4=C/C=C(/O)C=C4)C(O)=O)OC,-1,0