, Name , Cl(liter/hour) ,SMILES
0, TRIPTORELIN , 12.7 ,CC(C)C[C@H](NC(=O)[C@@H](CC1=CNC2=CC=CC=C12)NC(=O)[C@H](CC1=CC=C(O)C=C1)NC(=O)[C@H](CO)NC(=O)[C@H](CC1=CNC2=C1C=CC=C2)NC(=O)[C@H](CC1=CNC=N1)NC(=O)[C@@H]1CCC(=O)N1)C(=O)N[C@@H](CCCNC(N)=N)C(=O)N1CCC[C@H]1C(=O)NCC(N)=O
1, HISTAMINE , 210 ,NCCC1=CNC=N1
2, THEOPHYLLINE , 2.5 ,CN1C2=C(NC=N2)C(=O)N(C)C1=O
3, SULFADIAZINE , 2.1 ,NC1=CC=C(C=C1)S(=O)(=O)NC1=NC=CC=N1
4, MEPERIDINE , 19.1 ,CCOC(=O)C1(CCN(C)CC1)C1=CC=CC=C1
5, ESTRADIOL , 117 ,[H][C@@]12CC[C@H](O)[C@@]1(C)CC[C@]1([H])C3=C(CC[C@@]21[H])C=C(O)C=C3
6, TUBOCURARINE , 13.2 ,[H][C@@]12CC3=CC=C(OC4=C5C(CC[N+](C)(C)[C@]5([H])CC5=CC(OC6=C(OC)C=C(CCN1C)C2=C6)=C(O)C=C5)=CC(OC)=C4O)C=C3
7, DIPHENHYDRAMINE , 38.2 ,CN(C)CCOC(C1=CC=CC=C1)C1=CC=CC=C1
8, SILODOSIN , 10 ,C[C@H](CC1=CC2=C(N(CCCO)CC2)C(=C1)C(N)=O)NCCOC1=CC=CC=C1OCC(F)(F)F
9, DIHYDROERGOTAMINE , 90 ,[H][C@@]12CCCN1C(=O)[C@H](CC1=CC=CC=C1)N1C(=O)[C@](C)(NC(=O)[C@H]3CN(C)[C@]4([H])CC5=CNC6=CC=CC(=C56)[C@@]4([H])C3)O[C@@]21O
10, CHLOROQUINE , 16 ,CCN(CC)CCCC(C)NC1=CC=NC2=CC(Cl)=CC=C12
11, MEPHENYTOIN , 1.17 ,CCC1(NC(=O)N(C)C1=O)C1=CC=CC=C1
12, MOMETASONE FUROATE , 48.7 ,[H][C@@]12C[C@@H](C)[C@](OC(=O)C3=CC=CO3)(C(=O)CCl)[C@@]1(C)C[C@H](O)[C@@]1(Cl)[C@@]2([H])CCC2=CC(=O)C=C[C@]12C
13, METHADONE , 6.6 ,CCC(=O)C(CC(C)N(C)C)(C1=CC=CC=C1)C1=CC=CC=C1
14, PROPYLTHIOURACIL , 12.09 ,CCCC1=CC(=O)NC(=S)N1
15, DOXYLAMINE , 11.7 ,CN(C)CCOC(C)(C1=CC=CC=C1)C1=CC=CC=N1
16, AMODIAQUINE , 2380 ,CCN(CC)CC1=C(O)C=CC(NC2=C3C=CC(Cl)=CC3=NC=C2)=C1
17, DIETHYLCARBAMAZINE , 2 ,CCN(CC)C(=O)N1CCN(C)CC1
18, LIDOCAINE , 57 ,CCN(CC)CC(=O)NC1=C(C)C=CC=C1C
19, SULFISOXAZOLE , 1.17 ,CC1=NOC(NS(=O)(=O)C2=CC=C(N)C=C2)=C1C
20, CAFFEINE , 5.4 ,CN1C=NC2=C1C(=O)N(C)C(=O)N2C
21, ERGOTAMINE , 44 ,[H][C@@]12CCCN1C(=O)[C@H](CC1=CC=CC=C1)N1C(=O)[C@](C)(NC(=O)[C@H]3CN(C)[C@]4([H])CC5=CNC6=CC=CC(=C56)C4=C3)O[C@@]21O
22, METOCURINE , 5.7 ,[H][C@@]12CC3=CC=C(OC4=C5C(CC[N+](C)(C)[C@]5([H])CC5=CC(OC6=C(OC)C=C(CC[N+]1(C)C)C2=C6)=C(OC)C=C5)=CC(OC)=C4OC)C=C3
23, AMINOSALICYLIC ACID , 9.42 ,NC1=CC(O)=C(C=C1)C(O)=O
24, CHLORPHENIRAMINE , 9.75 ,CN(C)CCC(C1=CC=C(Cl)C=C1)C1=CC=CC=N1
25, DEXCHLORPHENIRAMINE , 9.75 ,CN(C)CC[C@@H](C1=CC=C(Cl)C=C1)C1=CC=CC=N1
26, SULFASALAZINE , 1 ,OC(=O)C1=CC(=CC=C1O)\N=N\C1=CC=C(C=C1)S(=O)(=O)NC1=NC=CC=C1
27, PROCAINAMIDE , 39 ,CCN(CC)CCNC(=O)C1=CC=C(N)C=C1
28, OXYCODONE , 48 ,COC1=C2O[C@H]3C(=O)CC[C@@]4(O)[C@H]5CC(C=C1)=C2[C@@]34CCN5C
29, DICYCLOMINE , 91.2 ,CCN(CC)CCOC(=O)C1(CCCCC1)C1CCCCC1
30, METHIMAZOLE , 4.6 ,CN1C=CNC1=S
31, QUINIDINE , 15.6 ,[H][C@@]12CCN(C[C@@H]1C=C)[C@]([H])(C2)[C@@H](O)C1=C2C=C(OC)C=CC2=NC=C1
32, THIAMYLAL , 17.5 ,CCCC(C)C1(CC=C)C(=O)NC(=S)NC1=O
33, THIAMYLAL , 9.7 ,CCCC(C)C1(CC=C)C(=O)NC(=S)NC1=O
34, DYPHYLLINE , 18.7 ,CN1C2=C(N(CC(O)CO)C=N2)C(=O)N(C)C1=O
35, PROBENECID , 0.97 ,CCCN(CCC)S(=O)(=O)C1=CC=C(C=C1)C(O)=O
36, PROMETHAZINE , 54 ,CC(CN1C2=CC=CC=C2SC2=CC=CC=C12)N(C)C
37, PHENYLEPHRINE , 2 ,CNC[C@H](O)C1=CC(O)=CC=C1
38, EDROPHONIUM , 37.4 ,CC[N+](C)(C)C1=CC(O)=CC=C1
39, METHOTREXATE , 8.2 ,CN(CC1=CN=C2N=C(N)N=C(N)C2=N1)C1=CC=C(C=C1)C(=O)N[C@@H](CCC(O)=O)C(O)=O
40, LEUCOVORIN , 22.6 ,[H]C(=O)N1C(CNC2=CC=C(C=C2)C(=O)N[C@@H](CCC(O)=O)C(O)=O)CNC2=C1C(=O)NC(N)=N2
41, HYDROCORTISONE , 22.2 ,[H][C@@]12CC[C@](O)(C(=O)CO)[C@@]1(C)C[C@H](O)[C@@]1([H])[C@@]2([H])CCC2=CC(=O)CC[C@]12C
42, HYDRALAZINE , 331.5 ,NNC1=NN=CC2=CC=CC=C12
43, CODEINE , 58.5 ,[H][C@]12C=C[C@H](O)[C@@H]3OC4=C5C(C[C@H]1N(C)CC[C@@]235)=CC=C4OC
44, PHENYLBUTAZONE , 1.36 ,CCCCC1C(=O)N(N(C1=O)C1=CC=CC=C1)C1=CC=CC=C1
45, ISONIAZID , 24.02 ,NNC(=O)C1=CC=NC=C1
46, SUCCINYLCHOLINE , 250.2 ,C[N+](C)(C)CCOC(=O)CCC(=O)OCC[N+](C)(C)C
47, PYRIMETHAMINE , 0.2 ,CCC1=C(C(N)=NC(N)=N1)C1=CC=C(Cl)C=C1
48, PROCAINE , 312 ,CCN(CC)CCOC(=O)C1=CC=C(N)C=C1
49, NITROFURANTOIN , 37.8 ,[O-][N+](=O)C1=CC=C(O1)\C=N\N1CC(=O)NC1=O
50, LEVORPHANOL , 61.1 ,[H][C@@]12CCCC[C@@]11CCN(C)[C@@H]2CC2=C1C=C(O)C=C2
51, PROPANTHELINE , 79.2 ,CC(C)[N+](C)(CCOC(=O)C1C2=CC=CC=C2OC2=CC=CC=C12)C(C)C
52, ACETAZOLAMIDE , 1.1 ,CC(=O)NC1=NN=C(S1)S(N)(=O)=O
53, METHOXSALEN , 345 ,COC1=C2OC(=O)C=CC2=CC2=C1OC=C2
54, MERCAPTOPURINE , 58.5 ,S=C1N=CNC2=C1NC=N2
55, CHLORPROMAZINE , 76.6 ,CN(C)CCCN1C2=CC=CC=C2SC2=C1C=C(Cl)C=C2
56, TESTOSTERONE , 62.4 ,[H][C@@]12CC[C@H](O)[C@@]1(C)CC[C@@]1([H])[C@@]2([H])CCC2=CC(=O)CC[C@]12C
57, WARFARIN , 0.21 ,CC(=O)CC(C1=CC=CC=C1)C1=C(O)C2=C(OC1=O)C=CC=C2
58, PROGESTERONE , 104.6 ,[H][C@@]12CC[C@H](C(C)=O)[C@@]1(C)CC[C@@]1([H])[C@@]2([H])CCC2=CC(=O)CC[C@]12C
59, DIGOXIN , 6.6 ,[H][C@]12CC[C@]3([H])[C@]([H])(C[C@@H](O)[C@]4(C)[C@H](CC[C@]34O)C3=CC(=O)OC3)[C@@]1(C)CC[C@@H](C2)O[C@H]1C[C@H](O)[C@H](O[C@H]2C[C@H](O)[C@H](O[C@H]3C[C@H](O)[C@H](O)[C@@H](C)O3)[C@@H](C)O2)[C@@H](C)O1
60, BUSULFAN , 9.8 ,CS(=O)(=O)OCCCCOS(C)(=O)=O
61, HYDROXYCHLOROQUINE , 12 ,CCN(CCO)CCCC(C)NC1=C2C=CC(Cl)=CC2=NC=C1
62, METHYPRYLON , 0.77 ,CCC1(CC)C(=O)NCC(C)C1=O
63, MEPROBAMATE , 2.34 ,CCCC(C)(COC(N)=O)COC(N)=O
64, PREDNISONE , 11 ,[H][C@@]12CC[C@](O)(C(=O)CO)[C@@]1(C)CC(=O)[C@@]1([H])[C@@]2([H])CCC2=CC(=O)C=C[C@]12C
65, HYDROXYCHLOROQUINE , 12 ,CCN(CCO)CCCC(C)NC1=C2C=CC(Cl)=CC2=NC=C1
66, PROCYCLIDINE , 3.3 ,OC(CCN1CCCC1)(C1CCCCC1)C1=CC=CC=C1
67, PYRIDOSTIGMINE , 49.8 ,CN(C)C(=O)OC1=C[N+](C)=CC=C1
68, PREDNISOLONE , 11.3 ,[H][C@@]12CC[C@](O)(C(=O)CO)[C@@]1(C)C[C@H](O)[C@@]1([H])[C@@]2([H])CCC2=CC(=O)C=C[C@]12C
69, RIBOFLAVIN , 29.3 ,CC1=C(C)C=C2N(C[C@H](O)[C@H](O)[C@H](O)CO)C3=NC(=O)NC(=O)C3=NC2=C1
70, METHYLPHENIDATE , 33 ,COC(=O)C(C1CCCCN1)C1=CC=CC=C1
71, PROMAZINE , 54.6 ,CN(C)CCCN1C2=CC=CC=C2SC2=CC=CC=C12
72, HYDROXYZINE , 39 ,OCCOCCN1CCN(CC1)C(C1=CC=CC=C1)C1=CC=C(Cl)C=C1
73, PROCHLORPERAZINE , 62.4 ,CN1CCN(CCCN2C3=CC=CC=C3SC3=C2C=C(Cl)C=C3)CC1
74, MECLIZINE , 59 ,CC1=CC(CN2CCN(CC2)C(C2=CC=CC=C2)C2=CC=C(Cl)C=C2)=CC=C1
75, CHLORAMBUCIL , 10.9 ,OC(=O)CCCC1=CC=C(C=C1)N(CCCl)CCCl
76, TOLBUTAMIDE , 0.819 ,CCCCNC(=O)NS(=O)(=O)C1=CC=C(C)C=C1
77, MECLIZINE , 59 ,CC1=CC(CN2CCN(CC2)C(C2=CC=CC=C2)C2=CC=C(Cl)C=C2)=CC=C1
78, PERPHENAZINE , 105.3 ,OCCN1CCN(CCCN2C3=CC=CC=C3SC3=C2C=C(Cl)C=C3)CC1
79, METHOCARBAMOL , 52 ,COC1=C(OCC(O)COC(N)=O)C=CC=C1
80, METHYLPREDNISOLONE , 23.8 ,[H][C@@]12CC[C@](O)(C(=O)CO)[C@@]1(C)C[C@H](O)[C@@]1([H])[C@@]2([H])C[C@H](C)C2=CC(=O)C=C[C@]12C
81, CHLORMEZANONE , 0.06 ,CN1C(C2=CC=C(Cl)C=C2)S(=O)(=O)CCC1=O
82, CHLORMEZANONE , 0.06 ,CN1C(C2=CC=C(Cl)C=C2)S(=O)(=O)CCC1=O
83, SULFINPYRAZONE , 1.32 ,O=C1C(CCS(=O)C2=CC=CC=C2)C(=O)N(N1C1=CC=CC=C1)C1=CC=CC=C1
84, METHOHEXITAL , 46 ,CCC#CC(C)C1(CC=C)C(=O)NC(=O)N(C)C1=O
85, PHENTERMINE , 8.79 ,CC(C)(N)CC1=CC=CC=C1
86, CHLORPROPAMIDE , 0.17 ,CCCNC(=O)NS(=O)(=O)C1=CC=C(Cl)C=C1
87, DEXAMETHASONE , 12.8 ,[H][C@@]12C[C@@H](C)[C@](O)(C(=O)CO)[C@@]1(C)C[C@H](O)[C@@]1(F)[C@@]2([H])CCC2=CC(=O)C=C[C@]12C
88, THIOPENTAL , 32 ,CCCC(C)C1(CC)C(=O)NC(=S)NC1=O
89, THIOTEPA , 25.14 ,S=P(N1CC1)(N1CC1)N1CC1
90, PHENYLPROPANOLAMINE , 37 ,[H][C@@](C)(N)[C@]([H])(O)C1=CC=CC=C1
91, OXYMORPHONE , 30.8 ,[H][C@@]12OC3=C(O)C=CC4=C3[C@@]11CCN(C)[C@]([H])(C4)[C@]1(O)CCC2=O
92, METHAZOLAMIDE , 0.99 ,CN1N=C(SC1=NC(C)=O)S(N)(=O)=O
93, HYDROCHLOROTHIAZIDE , 23 ,NS(=O)(=O)C1=C(Cl)C=C2NCNS(=O)(=O)C2=C1
94, IMIPRAMINE , 50.7 ,CN(C)CCCN1C2=CC=CC=C2CCC2=CC=CC=C12
95, MEDROXYPROGESTERONE ACETATE , 3846 ,[H][C@@]12CC[C@](OC(C)=O)(C(C)=O)[C@@]1(C)CC[C@@]1([H])[C@@]2([H])C[C@H](C)C2=CC(=O)CC[C@]12C
96, HYDROFLUMETHIAZIDE , 37.8 ,NS(=O)(=O)C1=CC2=C(NCNS2(=O)=O)C=C1C(F)(F)F
97, BIPERIDEN , 46.8 ,OC(CCN1CCCCC1)(C1CC2CC1C=C2)C1=CC=CC=C1
98, ISOSORBIDE DINITRATE , 180 ,[H][C@]12OC[C@H](O[N+]([O-])=O)[C@@]1([H])OC[C@H]2O[N+]([O-])=O
99, ISOSORBIDE MONONITRATE , 7 ,[H][C@]12OC[C@@H](O[N+]([O-])=O)[C@@]1([H])OC[C@@H]2O
100, MEPIVACAINE , 26 ,CN1CCCCC1C(=O)NC1=C(C)C=CC=C1C
101, CYCLOPHOSPHAMIDE , 4.8 ,ClCCN(CCCl)P1(=O)NCCCO1
102, FLUOROURACIL , 101.4 ,FC1=CNC(=O)NC1=O
103, CHLORDIAZEPOXIDE , 1.4 ,CNC1=NC2=C(C=C(Cl)C=C2)C(C2=CC=CC=C2)=[N+]([O-])C1
104, CHLORTHALIDONE , 5.8 ,NS(=O)(=O)C1=C(Cl)C=CC(=C1)C1(O)NC(=O)C2=CC=CC=C12
105, TRANYLCYPROMINE , 63.4 ,NC1CC1C1=CC=CC=C1
106, COLCHICINE , 54.1 ,COC1=CC2=C(C(OC)=C1OC)C1=CC=C(OC)C(=O)C=C1C(CC2)NC(C)=O
107, PSEUDOEPHEDRINE , 27.4 ,CN[C@@H](C)[C@@H](O)C1=CC=CC=C1
108, ATROPINE , 29.6 ,CN1[C@H]2CC[C@@H]1C[C@@H](C2)OC(=O)C(CO)C1=CC=CC=C1
109, ATROPINE , 29.6 ,CN1[C@H]2CC[C@@H]1C[C@@H](C2)OC(=O)C(CO)C1=CC=CC=C1
110, CHLORPROTHIXENE , 52 ,CN(C)CC\C=C1\C2=CC=CC=C2SC2=CC=C(Cl)C=C12
111, METRONIDAZOLE , 3.3 ,CC1=NC=C(N1CCO)[N+]([O-])=O
112, BETAMETHASONE , 10.9 ,[H][C@@]12C[C@H](C)[C@](O)(C(=O)CO)[C@@]1(C)C[C@H](O)[C@@]1(F)[C@@]2([H])CCC2=CC(=O)C=C[C@]12C
113, VINBLASTINE , 12 ,[H][C@@]12N(C)C3=CC(OC)=C(C=C3[C@@]11CCN3CC=C[C@@](CC)([C@@H](OC(C)=O)[C@]2(O)C(=O)OC)[C@@]13[H])[C@]1(C[C@@]2([H])CN(C[C@](O)(CC)C2)CCC2=C1NC1=C2C=CC=C1)C(=O)OC
114, AMITRIPTYLINE , 23.7 ,CN(C)CCC=C1C2=CC=CC=C2CCC2=CC=CC=C12
115, SULFAMETHOXAZOLE , 1.4 ,CC1=CC(NS(=O)(=O)C2=CC=C(N)C=C2)=NO1
116, DIPYRIDAMOLE , 4.6 ,OCCN(CCO)C1=NC2=C(N=C(N=C2N2CCCCC2)N(CCO)CCO)C(=N1)N1CCCCC1
117, ETHIONAMIDE , 33.7 ,CCC1=NC=CC(=C1)C(N)=S
118, TRIAMTERENE , 245.7 ,NC1=NC(N)=C2N=C(C(N)=NC2=N1)C1=CC=CC=C1
119, METAXALONE , 66 ,CC1=CC(OCC2CNC(=O)O2)=CC(C)=C1
120, DIAZEPAM , 1.5 ,CN1C2=C(C=C(Cl)C=C2)C(=NCC1=O)C1=CC=CC=C1
121, METHYLDOPA , 13.6 ,C[C@](N)(CC1=CC=C(O)C(O)=C1)C(O)=O
122, ACETYLCYSTEINE , 7.15 ,CC(=O)N[C@@H](CS)C(O)=O
123, DESIPRAMINE , 42.9 ,CNCCCN1C2=CC=CC=C2CCC2=CC=CC=C12
124, VINCRISTINE , 7.8 ,[H][C@@]12N3CC[C@@]11C4=C(C=C(OC)C(=C4)[C@]4(C[C@H]5C[N@](C[C@](O)(CC)C5)CCC5=C4NC4=CC=CC=C54)C(=O)OC)N(C=O)[C@@]1([H])[C@](O)([C@H](OC(C)=O)[C@]2(CC)C=CC3)C(=O)OC
125, PRALIDOXIME , 24.7 ,C[N+]1=C(\C=N\O)C=CC=C1
126, NORTRIPTYLINE , 39 ,CNCCC=C1C2=CC=CC=C2CCC2=CC=CC=C12
127, MELPHALAN , 27.3 ,N[C@@H](CC1=CC=C(C=C1)N(CCCl)CCCl)C(O)=O
128, PRILOCAINE , 142 ,CCCNC(C)C(=O)NC1=CC=CC=C1C
129, DOXAPRAM , 20 ,CCN1CC(CCN2CCOCC2)C(C1=O)(C1=CC=CC=C1)C1=CC=CC=C1
130, MEFENAMIC ACID , 21.2 ,CC1=C(C)C(NC2=CC=CC=C2C(O)=O)=CC=C1
131, AMINOCAPROIC ACID , 10.1 ,NCCCCCC(O)=O
132, OXAZEPAM , 4.3 ,OC1N=C(C2=CC=CC=C2)C2=C(NC1=O)C=CC(Cl)=C2
133, HALOPERIDOL , 30.4 ,OC1(CCN(CCCC(=O)C2=CC=C(F)C=C2)CC1)C1=CC=C(Cl)C=C1
134, AMANTADINE , 18.2 ,NC12CC3CC(CC(C3)C1)C2
135, DROPERIDOL , 44 ,FC1=CC=C(C=C1)C(=O)CCCN1CCC(=CC1)N1C(=O)NC2=CC=CC=C12
136, FENTANYL , 32.5 ,CCC(=O)N(C1CCN(CCC2=CC=CC=C2)CC1)C1=CC=CC=C1
137, INDOMETHACIN , 5.07 ,COC1=CC2=C(C=C1)N(C(=O)C1=CC=C(Cl)C=C1)C(C)=C2CC(O)=O
138, ALLOPURINOL , 42.9 ,OC1=NC=NC2=C1C=NN2
139, PENTAZOCINE , 89.7 ,C[C@H]1[C@H]2CC3=CC=C(O)C=C3[C@]1(C)CCN2CC=C(C)C
140, FUROSEMIDE , 6.2 ,NS(=O)(=O)C1=C(Cl)C=C(NCC2=CC=CO2)C(=C1)C(O)=O
141, HYDROXYUREA , 5.8 ,NC(=O)NO
142, ETHAMBUTOL , 39 ,CC[C@@H](CO)NCCN[C@@H](CC)CO
143, ACETAMINOPHEN , 17.5 ,CC(=O)NC1=CC=C(O)C=C1
144, PROPRANOLOL , 46.8 ,CC(C)NCC(O)COC1=CC=CC2=C1C=CC=C2
145, THIOTHIXENE , 2892 ,CN(C)S(=O)(=O)C1=CC2=C(SC3=CC=CC=C3\C2=C\CCN2CCN(C)CC2)C=C1
146, CARBAMAZEPINE , 4.8 ,NC(=O)N1C2=CC=CC=C2C=CC2=CC=CC=C12
147, NALOXONE , 89.7 ,OC1=CC=C2C[C@H]3N(CC=C)CC[C@@]45[C@@H](OC1=C24)C(=O)CC[C@@]35O
148, TRIMIPRAMINE , 62.4 ,CC(CN(C)C)CN1C2=CC=CC=C2CCC2=CC=CC=C12
149, CYTARABINE , 0.014 ,NC1=NC(=O)N(C=C1)[C@@H]1O[C@H](CO)[C@@H](O)[C@@H]1O
150, DOXEPIN , 540 ,[H]C(CCN(C)C)=C1C2=CC=CC=C2COC2=CC=CC=C12
151, ESKETAMINE , 74 ,CN[C@@]1(CCCCC1=O)C1=CC=CC=C1Cl
152, LEVODOPA , 89.7 ,N[C@@H](CC1=CC(O)=C(O)C=C1)C(O)=O
153, TAPENTADOL , 91.8 ,CC[C@H]([C@@H](C)CN(C)C)C1=CC(O)=CC=C1
154, DIAZOXIDE , 0.23 ,CC1=NS(=O)(=O)C2=C(N1)C=CC(Cl)=C2
155, FLUCYTOSINE , 7.8 ,NC1=C(F)C=NC(=O)N1
156, PANCURONIUM , 5.8 ,[H][C@@]12C[C@@H]([C@H](OC(C)=O)[C@@]1(C)CC[C@@]1([H])[C@@]2([H])CC[C@@]2([H])C[C@H](OC(C)=O)[C@H](C[C@]12C)[N+]1(C)CCCCC1)[N+]1(C)CCCCC1
157, TRIMETHOPRIM , 8.1 ,COC1=CC(CC2=CN=C(N)N=C2N)=CC(OC)=C1OC
158, METOLAZONE , 5.4 ,CC1NC2=CC(Cl)=C(C=C2C(=O)N1C1=CC=CC=C1C)S(N)(=O)=O
159, CLONIDINE , 13.1 ,ClC1=CC=CC(Cl)=C1NC1=NCCN1
160, CARMUSTINE , 304 ,ClCCNC(=O)N(CCCl)N=O
161, PRAZOSIN , 18.3 ,COC1=C(OC)C=C2C(N)=NC(=NC2=C1)N1CCN(CC1)C(=O)C1=CC=CO1
162, DANTROLENE , 1.6 ,[O-][N+](=O)C1=CC=C(C=C1)C1=CC=C(O1)\C=N\N1CC(=O)NC1=O
163, DISOPYRAMIDE , 3.5 ,CC(C)N(CCC(C(N)=O)(C1=CC=CC=C1)C1=NC=CC=C1)C(C)C
164, IBUPROFEN , 2.9 ,CC(C)CC1=CC=C(C=C1)C(C)C(O)=O
165, PIMOZIDE , 16 ,FC1=CC=C(C=C1)C(CCCN1CCC(CC1)N1C(=O)NC2=CC=CC=C12)C1=CC=C(F)C=C1
166, MEBENDAZOLE , 58.5 ,COC(=O)NC1=NC2=C(N1)C=C(C=C2)C(=O)C1=CC=CC=C1
167, LOXAPINE , 48.4 ,CN1CCN(CC1)C1=NC2=CC=CC=C2OC2=C1C=C(Cl)C=C2
168, OXYBUTYNIN , 19.8 ,CCN(CC)CC#CCOC(=O)C(O)(C1CCCCC1)C1=CC=CC=C1
169, CLONAZEPAM , 3.4 ,[O-][N+](=O)C1=CC2=C(NC(=O)CN=C2C2=CC=CC=C2Cl)C=C1
170, MAPROTILINE , 54.6 ,CNCCCC12CCC(C3=CC=CC=C13)C1=CC=CC=C21
171, DANAZOL , 727 ,[H][C@@]12CC[C@@](O)(C#C)[C@@]1(C)CC[C@@]1([H])[C@@]2([H])CCC2=CC3=C(C[C@]12C)C=NO3
172, BECLOMETHASONE DIPROPIONATE , 150 ,[H][C@@]12C[C@H](C)[C@](OC(=O)CC)(C(=O)COC(=O)CC)[C@@]1(C)C[C@H](O)[C@@]1(Cl)[C@@]2([H])CCC2=CC(=O)C=C[C@]12C
173, DACARBAZINE , 10.1 ,CN(C)\N=N\C1=C(N=CN1)C(N)=O
174, OXYBUTYNIN , 19.8 ,CCN(CC)CC#CCOC(=O)C(O)(C1CCCCC1)C1=CC=CC=C1
175, NAPROXEN , 0.507 ,COC1=CC2=C(C=C1)C=C(C=C2)[C@H](C)C(O)=O
176, HALAZEPAM , 24 ,FC(F)(F)CN1C2=C(C=C(Cl)C=C2)C(=NCC1=O)C1=CC=CC=C1
177, GLIPIZIDE , 2.1 ,CC1=NC=C(N=C1)C(=O)NCCC1=CC=C(C=C1)S(=O)(=O)NC(=O)NC1CCCCC1
178, LORAZEPAM , 4.3 ,OC1N=C(C2=CC=CC=C2Cl)C2=C(NC1=O)C=CC(Cl)=C2
179, DOBUTAMINE , 249 ,CC(CCC1=CC=C(O)C=C1)NCCC1=CC(O)=C(O)C=C1
180, CYCLOBENZAPRINE , 42 ,CN(C)CCC=C1C2=CC=CC=C2C=CC2=CC=CC=C12
181, BACLOFEN , 10 ,NCC(CC(O)=O)C1=CC=C(Cl)C=C1
182, METOCLOPRAMIDE , 22.2 ,CCN(CC)CCNC(=O)C1=CC(Cl)=C(N)C=C1OC
183, BUTORPHANOL , 103 ,[H][C@@]12CC3=C(C=C(O)C=C3)[C@]3(CCCC[C@@]13O)CCN2CC1CCC1
184, METOPROLOL , 50.7 ,COCCC1=CC=C(OCC(O)CNC(C)C)C=C1
185, SCOPOLAMINE , 62.4 ,CN1[C@H]2C[C@@H](C[C@@H]1[C@H]1O[C@@H]21)OC(=O)[C@H](CO)C1=CC=CC=C1
186, TRIAZOLAM , 11.7 ,CC1=NN=C2CN=C(C3=CC=CC=C3Cl)C3=C(C=CC(Cl)=C3)N12
187, SULINDAC , 4 ,CC1=C(CC(O)=O)C2=CC(F)=CC=C2\C1=C/C1=CC=C(C=C1)S(C)=O
188, CIMETIDINE , 31.6 ,CN\C(NCCSCC1=C(C)NC=N1)=N\C#N
189, BROMOCRIPTINE , 7 ,[H][C@@]12CCCN1C(=O)[C@H](CC(C)C)N1C(=O)[C@](NC(=O)[C@H]3CN(C)[C@]4([H])CC5=C(Br)NC6=CC=CC(=C56)C4=C3)(O[C@@]21O)C(C)C
190, METOPROLOL , 50.7 ,COCCC1=CC=C(OCC(O)CNC(C)C)C=C1
191, NADOLOL , 11.3 ,CC(C)(C)NCC(O)COC1=CC=CC2=C1C[C@H](O)[C@H](O)C2
192, TIMOLOL , 33.1 ,[H][C@](O)(CNC(C)(C)C)COC1=NSN=C1N1CCOCC1
193, NALBUPHINE , 85.8 ,O[C@H]1CC[C@@]2(O)[C@H]3CC4=CC=C(O)C5=C4[C@@]2(CCN3CC2CCC2)[C@H]1O5
194, GUANADREL , 162 ,NC(N)=NCC1COC2(CCCCC2)O1
195, NADOLOL , 11.3 ,CC(C)(C)NCC(O)COC1=CC=CC2=C1C[C@H](O)[C@H](O)C2
196, VALPROIC ACID , 0.56 ,CCCC(CCC)C(O)=O
197, GUANADREL , 162 ,NC(N)=NCC1COC2(CCCCC2)O1
198, PIROXICAM , 0.12 ,CN1C(C(=O)NC2=NC=CC=C2)=C(O)C2=C(C=CC=C2)S1(=O)=O
199, FLUNISOLIDE , 125 ,[H][C@@]12C[C@@]3([H])[C@]4([H])C[C@H](F)C5=CC(=O)C=C[C@]5(C)[C@@]4([H])[C@@H](O)C[C@]3(C)[C@@]1(OC(C)(C)O2)C(=O)CO
200, OXPRENOLOL , 120 ,CC(C)NCC(O)COC1=CC=CC=C1OCC=C
201, TRAZODONE , 5.4 ,ClC1=CC=CC(=C1)N1CCN(CCCN2N=C3C=CC=CN3C2=O)CC1
202, BUMETANIDE , 11.3 ,CCCCNC1=C(OC2=CC=CC=C2)C(=CC(=C1)C(O)=O)S(N)(=O)=O
203, ETOMIDATE , 50.7 ,CCOC(=O)C1=CN=CN1[C@H](C)C1=CC=CC=C1
204, ATENOLOL , 9.75 ,CC(C)NCC(O)COC1=CC=C(CC(N)=O)C=C1
205, TOCAINIDE , 8.5 ,CC(N)C(=O)NC1=C(C)C=CC=C1C
206, ALPRAZOLAM , 2.88 ,CC1=NN=C2CN=C(C3=CC=CC=C3)C3=C(C=CC(Cl)=C3)N12
207, PINDOLOL , 30 ,CC(C)NCC(O)COC1=CC=CC2=C1C=CN2
208, CAPTOPRIL , 46.8 ,C[C@H](CS)C(=O)N1CCC[C@H]1C(O)=O
209, VERAPAMIL , 70.2 ,COC1=C(OC)C=C(CCN(C)CCCC(C#N)(C(C)C)C2=CC(OC)=C(OC)C=C2)C=C1
210, BUPRENORPHINE , 55 ,CO[C@]12CC[C@@]3(C[C@@H]1[C@](C)(O)C(C)(C)C)[C@H]1CC4=C5C(O[C@@H]2[C@@]35CCN1CC1CC1)=C(O)C=C4
211, GEMFIBROZIL , 7.8 ,CC1=CC(OCCCC(C)(C)C(O)=O)=C(C)C=C1
212, DIFLUNISAL , 0.39 ,OC(=O)C1=C(O)C=CC(=C1)C1=C(F)C=C(F)C=C1
213, NIFEDIPINE , 31.1 ,COC(=O)C1=C(C)NC(C)=C(C1C1=CC=CC=C1[N+]([O-])=O)C(=O)OC
214, ALPROSTADIL , 6900 ,CCCCC[C@H](O)\C=C\[C@H]1[C@H](O)CC(=O)[C@@H]1CCCCCCC(O)=O
215, VERAPAMIL , 70.2 ,COC1=C(OC)C=C(CCN(C)CCCC(C#N)(C(C)C)C2=CC(OC)=C(OC)C=C2)C=C1
216, NITROGLYCERIN , 816 ,[O-][N+](=O)OCC(CO[N+]([O-])=O)O[N+]([O-])=O
217, RITODRINE , 120.9 ,C[C@H](NCCC1=CC=C(O)C=C1)[C@H](O)C1=CC=C(O)C=C1
218, SULFADOXINE , 0.03 ,COC1=NC=NC(NS(=O)(=O)C2=CC=C(N)C=C2)=C1OC
219, DILTIAZEM , 50.7 ,COC1=CC=C(C=C1)[C@@H]1SC2=C(C=CC=C2)N(CCN(C)C)C(=O)[C@@H]1OC(C)=O
220, BUPROPION , 209 ,CC(NC(C)(C)C)C(=O)C1=CC(Cl)=CC=C1
221, ACYCLOVIR , 19.9 ,NC1=NC(=O)C2=C(N1)N(COCCO)C=N2
222, PENTOXIFYLLINE , 152 ,CN1C=NC2=C1C(=O)N(CCCCC(C)=O)C(=O)N2C
223, BUPROPION , 209 ,CC(NC(C)(C)C)C(=O)C1=CC(Cl)=CC=C1
224, MIDAZOLAM , 25.6 ,CC1=NC=C2CN=C(C3=CC=CC=C3F)C3=C(C=CC(Cl)=C3)N12
225, LEVONORGESTREL , 3.4 ,[H][C@@]12CC[C@@](O)(C#C)[C@@]1(CC)CC[C@]1([H])[C@@]3([H])CCC(=O)C=C3CC[C@@]21[H]
226, NABILONE , 281.3 ,[H][C@@]12CC(=O)CC[C@@]1([H])C(C)(C)OC1=CC(=CC(O)=C21)C(C)(C)CCCCCC
227, LABETALOL , 128 ,CC(CCC1=CC=CC=C1)NCC(O)C1=CC(C(N)=O)=C(O)C=C1
228, RANITIDINE , 45.6 ,CNC(NCCSCC1=CC=C(CN(C)C)O1)=C[N+]([O-])=O
229, MILNACIPRAN , 39.6 ,CCN(CC)C(=O)C1(CC1CN)C1=CC=CC=C1
230, KETOPROFEN , 6.9 ,CC(C(O)=O)C1=CC(=CC=C1)C(=O)C1=CC=CC=C1
231, FLURBIPROFEN , 1.08 ,CC(C(O)=O)C1=CC(F)=C(C=C1)C1=CC=CC=C1
232, ETOPOSIDE , 2.4 ,[H][C@]12COC(=O)[C@]1([H])[C@H](C1=CC(OC)=C(O)C(OC)=C1)C1=CC3=C(OCO3)C=C1[C@H]2O[C@@H]1O[C@]2([H])CO[C@@H](C)O[C@@]2([H])[C@H](O)[C@H]1O
233, VECURONIUM , 14.6 ,[H][C@@]12C[C@@H]([C@H](OC(C)=O)[C@@]1(C)CC[C@@]1([H])[C@@]2([H])CC[C@@]2([H])C[C@H](OC(C)=O)[C@H](C[C@]12C)N1CCCCC1)[N+]1(C)CCCCC1
234, FLECAINIDE , 17.6 ,FC(F)(F)COC1=CC(C(=O)NCC2CCCCN2)=C(OCC(F)(F)F)C=C1
235, OXAPROZIN , 0.14 ,OC(=O)CCC1=NC(=C(O1)C1=CC=CC=C1)C1=CC=CC=C1
236, RIBAVIRIN , 38.2 ,NC(=O)C1=NN(C=N1)[C@@H]1O[C@H](CO)[C@@H](O)[C@H]1O
237, NIMODIPINE , 54 ,COCCOC(=O)C1=C(C)NC(C)=C(C1C1=CC(=CC=C1)[N+]([O-])=O)C(=O)OC(C)C
238, MEXILETINE , 30 ,CC(N)COC1=C(C)C=CC=C1C
239, ACEBUTOLOL , 36 ,CCCC(=O)NC1=CC=C(OCC(O)CNC(C)C)C(=C1)C(C)=O
240, ETODOLAC , 3 ,CCC1=C2NC3=C(CCOC3(CC)CC(O)=O)C2=CC=C1
241, NALTREXONE , 210 ,[H][C@@]12OC3=C(O)C=CC4=C3[C@@]11CCN(CC3CC3)[C@]([H])(C4)[C@]1(O)CCC2=O
242, LEVOCARNITINE , 4 ,C[N+](C)(C)C[C@H](O)CC([O-])=O
243, AMIODARONE , 21.4 ,CCCCC1=C(C(=O)C2=CC(I)=C(OCCN(CC)CC)C(I)=C2)C2=C(O1)C=CC=C2
244, LEUPROLIDE , 7.6 ,CCNC(=O)[C@@H]1CCCN1C(=O)[C@H](CCCNC(N)=N)NC(=O)[C@H](CC(C)C)NC(=O)[C@@H](CC(C)C)NC(=O)[C@H](CC1=CC=C(O)C=C1)NC(=O)[C@H](CO)NC(=O)[C@H](CC1=CNC2=C1C=CC=C2)NC(=O)[C@H](CC1=CNC=N1)NC(=O)[C@@H]1CCC(=O)N1
245, GUANFACINE , 17.5 ,NC(=N)NC(=O)CC1=C(Cl)C=CC=C1Cl
246, HYDROMORPHONE , 117.6 ,[H][C@@]12OC3=C(O)C=CC4=C3[C@@]11CCN(C)[C@]([H])(C4)[C@]1([H])CCC2=O
247, TERAZOSIN , 4 ,COC1=C(OC)C=C2C(N)=NC(=NC2=C1)N1CCN(CC1)C(=O)C1CCCO1
248, DEZOCINE , 97.5 ,[H][C@@]12CC3=CC=C(O)C=C3[C@@](C)(CCCCC1)[C@H]2N
249, IPRATROPIUM , 0.15 ,[H][C@]12CC[C@]([H])(C[C@@H](C1)OC(=O)C(CO)C1=CC=CC=C1)[N+]2(C)C(C)C
250, PROPAFENONE , 57 ,CCCNCC(O)COC1=C(C=CC=C1)C(=O)CCC1=CC=CC=C1
251, DICLOFENAC , 34.9 ,OC(=O)CC1=CC=CC=C1NC1=C(Cl)C=CC=C1Cl
252, LEVOBETAXOLOL , 13.26 ,CC(C)NC[C@H](O)COC1=CC=C(CCOCC2CC2)C=C1
253, TRANEXAMIC ACID , 6.7 ,NC[C@H]1CC[C@@H](CC1)C(O)=O
254, MITOXANTRONE , 30.8 ,OCCNCCNC1=CC=C(NCCNCCO)C2=C1C(=O)C1=C(C(O)=CC=C1O)C2=O
255, SELEGILINE , 84 ,C[C@H](CC1=CC=CC=C1)N(C)CC#C
256, ALFENTANIL , 19.5 ,CCN1N=NN(CCN2CCC(COC)(CC2)N(C(=O)CC)C2=CC=CC=C2)C1=O
257, PERGOLIDE , 462 ,[H][C@@]12CC3=CNC4=CC=CC(=C34)[C@@]1([H])C[C@@H](CSC)CN2CCC
258, ESMOLOL , 1300 ,COC(=O)CCC1=CC=C(OCC(O)CNC(C)C)C=C1
259, SUPROFEN , 2.96 ,CC(C(O)=O)C1=CC=C(C=C1)C(=O)C1=CC=CS1
260, PINACIDIL , 31.5 ,CC(N\C(NC#N)=N\C1=CC=NC=C1)C(C)(C)C
261, ISRADIPINE , 84 ,COC(=O)C1=C(C)NC(C)=C(C1C1=CC=CC2=NON=C12)C(=O)OC(C)C
262, PINACIDIL , 31.5 ,CC(N\C(NC#N)=N\C1=CC=NC=C1)C(C)(C)C
263, FAMOTIDINE , 25.3 ,NC(N)=NC1=NC(CSCCC(N)=NS(N)(=O)=O)=CS1
264, NICARDIPINE , 26 ,COC(=O)C1=C(C)NC(C)=C(C1C1=CC(=CC=C1)[N+]([O-])=O)C(=O)OCCN(C)CC1=CC=CC=C1
265, NIZATIDINE , 50 ,CNC(NCCSCC1=CSC(CN(C)C)=N1)=C[N+]([O-])=O
266, CIPROFLOXACIN , 35 ,OC(=O)C1=CN(C2CC2)C2=CC(N3CCNCC3)=C(F)C=C2C1=O
267, ISRADIPINE , 84 ,COC(=O)C1=C(C)NC(C)=C(C1C1=CC=CC2=NON=C12)C(=O)OC(C)C
268, LISINOPRIL , 4.6 ,NCCCC[C@H](N[C@@H](CCC1=CC=CC=C1)C(O)=O)C(=O)N1CCC[C@H]1C(O)=O
269, MEFLOQUINE , 1.8 ,OC(C1CCCCN1)C1=CC(=NC2=C1C=CC=C2C(F)(F)F)C(F)(F)F
270, KETOROLAC , 13.6 ,OC(=O)C1CCN2C1=CC=C2C(=O)C1=CC=CC=C1
271, ENOXACIN , 21 ,CCN1C=C(C(O)=O)C(=O)C2=CC(F)=C(N=C12)N1CCNCC1
272, PROPOFOL , 150 ,CC(C)C1=CC=CC(C(C)C)=C1O
273, KETOROLAC , 13.6 ,OC(=O)C1CCN2C1=CC=C2C(=O)C1=CC=CC=C1
274, RIMANTADINE , 3.9 ,CC(N)C12CC3CC(CC(C3)C1)C2
275, ZIDOVUDINE , 104 ,CC1=CN([C@H]2C[C@H](N=[N+]=[N-])[C@@H](CO)O2)C(=O)NC1=O
276, NEDOCROMIL , 39.7 ,CCCC1=C2N(CC)C(=CC(=O)C2=CC2=C1OC(=CC2=O)C(O)=O)C(O)=O
277, GANCICLOVIR , 11.9 ,NC1=NC2=C(N=CN2COC(CO)CO)C(=O)N1
278, OLSALAZINE , 4.6 ,OC(=O)C1=CC(=CC=C1O)\N=N\C1=CC=C(O)C(=C1)C(O)=O
279, OFLOXACIN , 9.7 ,CC1COC2=C3N1C=C(C(O)=O)C(=O)C3=CC(F)=C2N1CCN(C)CC1
280, MORICIZINE , 150 ,CCOC(=O)NC1=CC2=C(SC3=CC=CC=C3N2C(=O)CCN2CCOCC2)C=C1
281, CLOZAPINE , 9.7 ,CN1CCN(CC1)C1=NC2=CC(Cl)=CC=C2NC2=CC=CC=C12
282, IFOSFAMIDE , 4.2 ,ClCCNP1(=O)OCCCN1CCCl
283, LEVAMLODIPINE , 27.3 ,CCOC(=O)C1=C(COCCN)NC(C)=C([C@@H]1C1=CC=CC=C1Cl)C(=O)OC
284, OMEPRAZOLE , 33 ,COC1=CC2=C(C=C1)N=C(N2)S(=O)CC1=NC=C(C)C(OC)=C1C
285, FELODIPINE , 48 ,CCOC(=O)C1=C(C)NC(C)=C(C1C1=C(Cl)C(Cl)=CC=C1)C(=O)OC
286, CETIRIZINE , 2.4 ,OC(=O)COCCN1CCN(CC1)C(C1=CC=CC=C1)C1=CC=C(Cl)C=C1
287, SOTALOL , 7.8 ,CC(C)NCC(O)C1=CC=C(NS(C)(=O)=O)C=C1
288, SOTALOL , 7.8 ,CC(C)NCC(O)C1=CC=C(NS(C)(=O)=O)C=C1
289, PRAVASTATIN , 54.6 ,[H][C@]12[C@H](C[C@H](O)C=C1C=C[C@H](C)[C@@H]2CC[C@@H](O)C[C@@H](O)CC(O)=O)OC(=O)[C@@H](C)CC
290, CLOMIPRAMINE , 31.9 ,CN(C)CCCN1C2=CC=CC=C2CCC2=C1C=C(Cl)C=C2
291, ZOLPIDEM , 16.7 ,CN(C)C(=O)CC1=C(N=C2C=CC(C)=CN12)C1=CC=C(C)C=C1
292, DOXACURIUM , 9.8 ,COC1=CC(CC2C3=C(OC)C(OC)=C(OC)C=C3CC[N+]2(C)CCCOC(=O)CCC(=O)OCCC[N+]2(C)CCC3=CC(OC)=C(OC)C(OC)=C3C2CC2=CC(OC)=C(OC)C(OC)=C2)=CC(OC)=C1OC
293, FLUCONAZOLE , 0.9 ,OC(CN1C=NC=N1)(CN1C=NC=N1)C1=C(F)C=C(F)C=C1
294, FLUTICASONE PROPIONATE , 65.5 ,[H][C@@]12C[C@@H](C)[C@](OC(=O)CC)(C(=O)SCF)[C@@]1(C)C[C@H](O)[C@@]1(F)[C@@]2([H])C[C@H](F)C2=CC(=O)C=C[C@]12C
295, BISOPROLOL , 14.4 ,CC(C)NCC(O)COC1=CC=C(COCCOC(C)C)C=C1
296, ONDANSETRON , 24.7 ,CN1C2=C(C3=CC=CC=C13)C(=O)C(CN1C=CN=C1C)CC2
297, LOMEFLOXACIN , 8.7 ,CCN1C=C(C(O)=O)C(=O)C2=CC(F)=C(N3CCNC(C)C3)C(F)=C12
298, PAROXETINE , 70.2 ,FC1=CC=C(C=C1)[C@@H]1CCNC[C@H]1COC1=CC2=C(OCO2)C=C1
299, ITRACONAZOLE , 22.8 ,CCC(C)N1N=CN(C1=O)C1=CC=C(C=C1)N1CCN(CC1)C1=CC=C(OC[C@H]2CO[C@@](CN3C=NC=N3)(O2)C2=CC=C(Cl)C=C2Cl)C=C1
300, AZELASTINE , 32.5 ,CN1CCCC(CC1)N1N=C(CC2=CC=C(Cl)C=C2)C2=CC=CC=C2C1=O
301, FOSCARNET , 7.1 ,OC(=O)P(O)(O)=O
302, TACRINE , 218 ,NC1=C2CCCCC2=NC2=CC=CC=C12
303, FLUMAZENIL , 58.5 ,CCOC(=O)C1=C2CN(C)C(=O)C3=C(C=CC(F)=C3)N2C=N1
304, ITRACONAZOLE , 22.8 ,CCC(C)N1N=CN(C1=O)C1=CC=C(C=C1)N1CCN(CC1)C1=CC=C(OC[C@H]2CO[C@@](CN3C=NC=N3)(O2)C2=CC=C(Cl)C=C2Cl)C=C1
305, MIVACURIUM , 206 ,COC1=CC(C[C@@H]2C3=CC(OC)=C(OC)C=C3CC[N+]2(C)CCCOC(=O)CC\C=C\CCC(=O)OCCC[N+]2(C)CCC3=CC(OC)=C(OC)C=C3[C@H]2CC2=CC(OC)=C(OC)C(OC)=C2)=CC(OC)=C1OC
306, AZELASTINE , 32.5 ,CN1CCCC(CC1)N1N=C(CC2=CC=C(Cl)C=C2)C2=CC=CC=C2C1=O
307, TENIPOSIDE , 0.99 ,[H][C@]12COC(=O)[C@]1([H])[C@H](C1=CC(OC)=C(O)C(OC)=C1)C1=C(C=C3OCOC3=C1)[C@H]2O[C@]1([H])O[C@]2([H])CO[C@H](O[C@@]2([H])[C@H](O)[C@H]1O)C1=CC=CS1
308, PENTOSTATIN , 6.5 ,OC[C@H]1O[C@H](C[C@@H]1O)N1C=NC2=C1N=CNC[C@H]2O
309, BUDESONIDE , 72 ,[H][C@@]12C[C@H]3OC(CCC)O[C@@]3(C(=O)CO)[C@@]1(C)C[C@H](O)[C@@]1([H])[C@@]2([H])CCC2=CC(=O)C=C[C@]12C
310, VENLAFAXINE , 84.5 ,COC1=CC=C(C=C1)C(CN(C)C)C1(O)CCCCC1
311, VENLAFAXINE , 84.5 ,COC1=CC=C(C=C1)C(CN(C)C)C1(O)CCCCC1
312, NEFAZODONE , 29.2 ,CCC1=NN(CCCN2CCN(CC2)C2=CC(Cl)=CC=C2)C(=O)N1CCOC1=CC=CC=C1
313, DIDANOSINE , 50 ,OC[C@@H]1CC[C@@H](O1)N1C=NC2=C1NC=NC2=O
314, FINASTERIDE , 9.9 ,[H][C@@]12CC[C@H](C(=O)NC(C)(C)C)[C@@]1(C)CC[C@@]1([H])[C@@]2([H])CC[C@@]2([H])NC(=O)C=C[C@]12C
315, FELBAMATE , 1.6 ,NC(=O)OCC(COC(N)=O)C1=CC=CC=C1
316, TERBINAFINE , 27 ,CN(C\C=C\C#CC(C)(C)C)CC1=CC=CC2=CC=CC=C12
317, ZALCITABINE , 17.1 ,NC1=NC(=O)N(C=C1)[C@H]1CC[C@@H](CO)O1
318, CISAPRIDE , 6 ,CO[C@H]1CN(CCCOC2=CC=C(F)C=C2)CC[C@H]1NC(=O)C1=CC(Cl)=C(N)C=C1OC
319, DEXRAZOXANE , 10 ,C[C@@H](CN1CC(=O)NC(=O)C1)N1CC(=O)NC(=O)C1
320, AMIFOSTINE , 120 ,NCCCNCCSP(O)(O)=O
321, CLADRIBINE , 63.5 ,NC1=C2N=CN([C@H]3C[C@H](O)[C@@H](CO)O3)C2=NC(Cl)=N1
322, BUDESONIDE , 72 ,[H][C@@]12C[C@H]3OC(CCC)O[C@@]3(C(=O)CO)[C@@]1(C)C[C@H](O)[C@@]1([H])[C@@]2([H])CCC2=CC(=O)C=C[C@]12C
323, GABAPENTIN , 7.6 ,NCC1(CC(O)=O)CCCCC1
324, GRANISETRON , 51.3 ,CN1N=C(C(=O)N[C@@H]2C[C@@H]3CCC[C@H](C2)N3C)C2=C1C=CC=C2
325, LAMOTRIGINE , 2.2 ,NC1=NC(N)=C(N=N1)C1=C(Cl)C(Cl)=CC=C1
326, FLUVOXAMINE , 72 ,COCCCC\C(=N/OCCN)C1=CC=C(C=C1)C(F)(F)F
327, ATOVAQUONE , 0.6 ,OC1=C([C@H]2CC[C@@H](CC2)C2=CC=C(Cl)C=C2)C(=O)C2=CC=CC=C2C1=O
328, FLUVASTATIN , 5.2 ,CC(C)N1C(\C=C\[C@H](O)C[C@H](O)CC(O)=O)=C(C2=CC=C(F)C=C2)C2=CC=CC=C12
329, PACLITAXEL , 19.6 ,[H][C@]12[C@H](OC(=O)C3=CC=CC=C3)[C@]3(O)C[C@H](OC(=O)[C@H](O)[C@@H](NC(=O)C4=CC=CC=C4)C4=CC=CC=C4)C(C)=C([C@@H](OC(C)=O)C(=O)[C@]1(C)[C@@H](O)C[C@H]1OC[C@@]21OC(C)=O)C3(C)C
330, RISPERIDONE , 21 ,CC1=C(CCN2CCC(CC2)C2=NOC3=C2C=CC(F)=C3)C(=O)N2CCCCC2=N1
331, TRAMADOL , 23 ,COC1=CC=CC(=C1)[C@@]1(O)CCCC[C@@H]1CN(C)C
332, CARVEDILOL , 36 ,COC1=CC=CC=C1OCCNCC(O)COC1=CC=CC2=C1C1=CC=CC=C1N2
333, MOEXIPRIL , 26.4 ,CCOC(=O)[C@H](CCC1=CC=CC=C1)N[C@@H](C)C(=O)N1CC2=CC(OC)=C(OC)C=C2C[C@H]1C(O)=O
334, MIRTAZAPINE , 31.2 ,CN1CCN2C(C1)C1=CC=CC=C1CC1=C2N=CC=C1
335, NISOLDIPINE , 58.5 ,COC(=O)C1=C(C)NC(C)=C(C1C1=CC=CC=C1[N+]([O-])=O)C(=O)OCC(C)C
336, METFORMIN , 28.8 ,CN(C)C(=N)NC(N)=N
337, LOSARTAN , 36 ,CCCCC1=NC(Cl)=C(CO)N1CC1=CC=C(C=C1)C1=CC=CC=C1C1=NNN=N1
338, VINORELBINE , 72.4 ,[H][C@@]12N(C)C3=CC(OC)=C(C=C3[C@@]11CCN3CC=C[C@](CC)([C@@]13[H])[C@@]([H])(OC(C)=O)[C@]2(O)C(=O)OC)[C@]1(C[C@@]2([H])CN(CC(CC)=C2)CC2=C1NC1=CC=CC=C21)C(=O)OC
339, TIZANIDINE , 42.9 ,ClC1=C(NC2=NCCN2)C2=NSN=C2C=C1
340, LANSOPRAZOLE , 11.1 ,CC1=C(OCC(F)(F)F)C=CN=C1CS(=O)C1=NC2=CC=CC=C2N1
341, STAVUDINE , 35.6 ,CC1=CN([C@@H]2O[C@H](CO)C=C2)C(=O)NC1=O
342, MIRTAZAPINE , 31.2 ,CN1CCN2C(C1)C1=CC=CC=C1CC1=C2N=CC=C1
343, DOCETAXEL , 33.8 ,[H][C@@]1(C[C@@]2(O)[C@@H](OC(=O)C3=CC=CC=C3)[C@]3([H])[C@@]4(CO[C@@H]4C[C@H](O)[C@@]3(C)C(=O)[C@H](O)C(=C1C)C2(C)C)OC(C)=O)OC(=O)[C@H](O)[C@@H](NC(=O)OC(C)(C)C)C1=CC=CC=C1
344, ZILEUTON , 27.3 ,CC(N(O)C(N)=O)C1=CC2=CC=CC=C2S1
345, ZILEUTON , 27.3 ,CC(N(O)C(N)=O)C1=CC2=CC=CC=C2S1
346, ACARBOSE , 8.5 ,[H]C(=O)[C@H](O)[C@@H](O)[C@]([H])(O[C@@]1([H])O[C@H](CO)[C@@]([H])(O[C@H]2O[C@H](C)[C@@H](N[C@@]3([H])C=C(CO)[C@@H](O)[C@H](O)[C@H]3O)[C@H](O)[C@H]2O)[C@H](O)[C@H]1O)[C@H](O)CO
347, GLIMEPIRIDE , 2.8 ,CCC1=C(C)CN(C(=O)NCCC2=CC=C(C=C2)S(=O)(=O)NC(=O)N[C@H]2CC[C@H](C)CC2)C1=O
348, BICALUTAMIDE , 0.32 ,CC(O)(CS(=O)(=O)C1=CC=C(F)C=C1)C(=O)NC1=CC(=C(C=C1)C#N)C(F)(F)F
349, TOPIRAMATE , 1.5 ,[H][C@@]12CO[C@@]3(COS(N)(=O)=O)OC(C)(C)O[C@@]3([H])[C@]1([H])OC(C)(C)O2
350, GEMCITABINE , 88 ,NC1=NC(=O)N(C=C1)[C@@H]1O[C@H](CO)[C@@H](O)C1(F)F
351, TRANDOLAPRIL , 52 ,[H][C@@]12C[C@H](N(C(=O)[C@H](C)N[C@@H](CCC3=CC=CC=C3)C(=O)OCC)[C@@]1([H])CCCC2)C(O)=O
352, ZAFIRLUKAST , 20 ,COC1=CC(=CC=C1CC1=CN(C)C2=C1C=C(NC(=O)OC1CCCC1)C=C2)C(=O)NS(=O)(=O)C1=CC=CC=C1C
353, CISATRACURIUM , 17.8 ,COC1=CC2=C(C=C1OC)[C@@H](CC1=CC(OC)=C(OC)C=C1)[N@@+](C)(CCC(=O)OCCCCCOC(=O)CC[N@@+]1(C)CCC3=C(C=C(OC)C(OC)=C3)[C@H]1CC1=CC(OC)=C(OC)C=C1)CC2
354, LAMIVUDINE , 23.9 ,NC1=NC(=O)N(C=C1)[C@@H]1CS[C@H](CO)O1
355, IRINOTECAN , 22.3 ,CCC1=C2CN3C(=CC4=C(COC(=O)[C@]4(O)CC)C3=O)C2=NC2=CC=C(OC(=O)N3CCC(CC3)N3CCCCC3)C=C12
356, TAMSULOSIN , 2.88 ,CCOC1=CC=CC=C1OCCN[C@H](C)CC1=CC(=C(OC)C=C1)S(N)(=O)=O
357, OLANZAPINE , 25 ,CN1CCN(CC1)C1=NC2=CC=CC=C2NC2=C1C=C(C)S2
358, FEBUXOSTAT , 5.3 ,CC(C)COC1=C(C=C(C=C1)C1=NC(C)=C(S1)C(O)=O)C#N
359, SIBUTRAMINE , 1750 ,CC(C)CC(N(C)C)C1(CCC1)C1=CC=C(Cl)C=C1
360, PENCICLOVIR , 32.7 ,NC1=NC(=O)C2=C(N1)N(CCC(CO)CO)C=N2
361, REMIFENTANIL , 156 ,CCC(=O)N(C1=CC=CC=C1)C1(CCN(CCC(=O)OC)CC1)C(=O)OC
362, SIBUTRAMINE , 1750 ,CC(C)CC(N(C)C)C1(CCC1)C1=CC=C(Cl)C=C1
363, LEVOFLOXACIN , 7.5 ,C[C@H]1COC2=C3N1C=C(C(O)=O)C(=O)C3=CC(F)=C2N1CCN(C)CC1
364, NEVIRAPINE , 1.17 ,CC1=C2NC(=O)C3=C(N=CC=C3)N(C3CC3)C2=NC=C1
365, CIDOFOVIR , 8.8 ,NC1=NC(=O)N(C[C@@H](CO)OCP(O)(O)=O)C=C1
366, TIAGABINE , 6.5 ,CC1=C(SC=C1)C(=CCCN1CCC[C@H](C1)C(O)=O)C1=C(C)C=CS1
367, ROPINIROLE , 47 ,CCCN(CCC)CCC1=C2CC(=O)NC2=CC=C1
368, RITONAVIR , 8.8 ,CC(C)[C@H](NC(=O)N(C)CC1=CSC(=N1)C(C)C)C(=O)N[C@H](C[C@H](O)[C@H](CC1=CC=CC=C1)NC(=O)OCC1=CN=CS1)CC1=CC=CC=C1
369, CABERGOLINE , 192 ,[H][C@@]12CC3=CNC4=CC=CC(=C34)[C@@]1([H])C[C@H](CN2CC=C)C(=O)N(CCCN(C)C)C(=O)NCC
370, VALSARTAN , 2 ,CCCCC(=O)N(CC1=CC=C(C=C1)C1=CC=CC=C1C1=NNN=N1)[C@@H](C(C)C)C(O)=O
371, TOPOTECAN , 50.7 ,CC[C@@]1(O)C(=O)OCC2=C1C=C1N(CC3=CC4=C(C=CC(O)=C4CN(C)C)N=C13)C2=O
372, SPARFLOXACIN , 11.4 ,C[C@H]1CN(C[C@@H](C)N1)C1=C(F)C(N)=C2C(=O)C(=CN(C3CC3)C2=C1F)C(O)=O
373, MIGLITOL , 6.6 ,OCCN1C[C@H](O)[C@@H](O)[C@H](O)[C@H]1CO
374, DONEPEZIL , 8.4 ,COC1=C(OC)C=C2C(=O)C(CC3CCN(CC4=CC=CC=C4)CC3)CC2=C1
375, GREPAFLOXACIN , 15 ,CC1CN(CCN1)C1=C(F)C(C)=C2C(=O)C(=CN(C3CC3)C2=C1)C(O)=O
376, TOLCAPONE , 7 ,CC1=CC=C(C=C1)C(=O)C1=CC(=C(O)C(O)=C1)[N+]([O-])=O
377, ATORVASTATIN , 18.8 ,CC(C)C1=C(C(=O)NC2=CC=CC=C2)C(=C(N1CC[C@@H](O)C[C@@H](O)CC(O)=O)C1=CC=C(F)C=C1)C1=CC=CC=C1
378, MODAFINIL , 2.6 ,NC(=O)CS(=O)C(C1=CC=CC=C1)C1=CC=CC=C1
379, TROGLITAZONE , 29.7 ,CC1=C(C)C2=C(CCC(C)(COC3=CC=C(CC4SC(=O)NC4=O)C=C3)O2)C(C)=C1O
380, LETROZOLE , 2.22 ,N#CC1=CC=C(C=C1)C(N1C=NC=N1)C1=CC=C(C=C1)C#N
381, CERIVASTATIN , 12.5 ,COCC1=C(C2=CC=C(F)C=C2)C(\C=C\[C@@H](O)C[C@@H](O)CC(O)=O)=C(C(C)C)N=C1C(C)C
382, REPAGLINIDE , 38 ,CCOC1=C(C=CC(CC(=O)N[C@@H](CC(C)C)C2=CC=CC=C2N2CCCCC2)=C1)C(O)=O
383, EXEMESTANE , 500 ,[H][C@@]12CCC(=O)[C@@]1(C)CC[C@@]1([H])[C@@]2([H])CC(=C)C2=CC(=O)C=C[C@]12C
384, IRBESARTAN , 9.9 ,CCCCC1=NC2(CCCC2)C(=O)N1CC1=CC=C(C=C1)C1=CC=CC=C1C1=NNN=N1
385, NARATRIPTAN , 25.7 ,CNS(=O)(=O)CCC1=CC2=C(NC=C2C2CCN(C)CC2)C=C1
386, ZOLMITRIPTAN , 122.8 ,CN(C)CCC1=CNC2=CC=C(C[C@H]3COC(=O)N3)C=C12
387, TOLTERODINE , 534 ,CC(C)N(CC[C@H](C1=CC=CC=C1)C1=C(O)C=CC(C)=C1)C(C)C
388, THALIDOMIDE , 8 ,O=C1N(C2CCC(=O)NC2=O)C(=O)C2=CC=CC=C12
389, ZONISAMIDE , 1.17 ,NS(=O)(=O)CC1=NOC2=CC=CC=C12
390, ENTACAPONE , 51 ,CCN(CC)C(=O)C(=C\C1=CC(=C(O)C(O)=C1)[N+]([O-])=O)\C#N
391, RALOXIFENE , 2866 ,OC1=CC=C(C=C1)C1=C(C(=O)C2=CC=C(OCCN3CCCCC3)C=C2)C2=C(S1)C=C(O)C=C2
392, PARICALCITOL , 1.49 ,[H][C@@]1(CC[C@@]2([H])\C(CCC[C@]12C)=C\C=C1C[C@@H](O)C[C@H](O)C1)[C@H](C)\C=C\[C@H](C)C(C)(C)O
393, RIVASTIGMINE , 108 ,CCN(C)C(=O)OC1=CC=CC(=C1)[C@H](C)N(C)C
394, ZIPRASIDONE , 29.2 ,ClC1=C(CCN2CCN(CC2)C2=NSC3=CC=CC=C23)C=C2CC(=O)NC2=C1
395, MONTELUKAST , 2.7 ,OC(=O)CC1(CC1)CS[C@H](CCC1=CC=CC=C1C(O)(C)C)C1=CC=CC(\C=C\C2=NC3=C(C=CC(Cl)=C3)C=C2)=C1
396, FORMOTEROL , 84 ,COC1=CC=C(CC(C)NCC(O)C2=CC(NC=O)=C(O)C=C2)C=C1
397, ARGATROBAN , 20.1 ,C[C@@H]1CCN([C@H](C1)C(O)=O)C(=O)[C@H](CCCNC(N)=N)NS(=O)(=O)C1=CC=CC2=C1NCC(C)C2
398, TELMISARTAN , 48 ,CCCC1=NC2=C(C=C(C=C2C)C2=NC3=CC=CC=C3N2C)N1CC1=CC=C(C=C1)C1=CC=CC=C1C(O)=O
399, ZALEPLON , 195 ,CCN(C(C)=O)C1=CC=CC(=C1)C1=CC=NC2=C(C=NN12)C#N
400, ARGATROBAN , 20.1 ,C[C@@H]1CCN([C@H](C1)C(O)=O)C(=O)[C@H](CCCNC(N)=N)NS(=O)(=O)C1=CC=CC2=C1NCC(C)C2
401, TIROFIBAN , 15.8 ,CCCCS(=O)(=O)N[C@@H](CC1=CC=C(OCCCCC2CCNCC2)C=C1)C(O)=O
402, PIOGLITAZONE , 6 ,CCC1=CN=C(CCOC2=CC=C(CC3SC(=O)NC3=O)C=C2)C=C1
403, DOFETILIDE , 20.2 ,CN(CCOC1=CC=C(NS(C)(=O)=O)C=C1)CCC1=CC=C(NS(C)(=O)=O)C=C1
404, GEMIFLOXACIN , 26.8 ,CO\N=C1/CN(CC1CN)C1=NC2=C(C=C1F)C(=O)C(=CN2C1CC1)C(O)=O
405, MELOXICAM , 0.52 ,CN1C(C(=O)NC2=NC=C(C)S2)=C(O)C2=C(C=CC=C2)S1(=O)=O
406, RABEPRAZOLE , 15.6 ,COCCCOC1=C(C)C(CS(=O)C2=NC3=CC=CC=C3N2)=NC=C1
407, PANTOPRAZOLE , 10.8 ,COC1=C(OC)C(CS(=O)C2=NC3=C(N2)C=C(OC(F)F)C=C3)=NC=C1
408, CEVIMELINE , 54 ,CC1O[C@@]2(CS1)CN1CCC2CC1
409, LEVOBUPIVACAINE , 16.7 ,CCCCN1CCCC[C@H]1C(=O)NC1=C(C)C=CC=C1C
410, CELECOXIB , 27.7 ,CC1=CC=C(C=C1)C1=CC(=NN1C1=CC=C(C=C1)S(N)(=O)=O)C(F)(F)F
411, ELETRIPTAN , 20.6 ,CN1CCC[C@@H]1CC1=CNC2=C1C=C(CCS(=O)(=O)C1=CC=CC=C1)C=C2
412, CYCLOSPORINE , 29.2 ,CC[C@@H]1NC(=O)[C@H]([C@H](O)[C@H](C)C\C=C\C)N(C)C(=O)[C@H](C(C)C)N(C)C(=O)[C@H](CC(C)C)N(C)C(=O)[C@H](CC(C)C)N(C)C(=O)[C@@H](C)NC(=O)[C@H](C)NC(=O)[C@H](CC(C)C)N(C)C(=O)[C@@H](NC(=O)[C@H](CC(C)C)N(C)C(=O)CN(C)C1=O)C(C)C
413, RIFAPENTINE , 2.03 ,CO[C@H]1\C=C\O[C@@]2(C)OC3=C(C2=O)C2=C(C(O)=C3C)C(O)=C(NC(=O)\C(C)=C/C=C/[C@H](C)[C@H](O)[C@@H](C)[C@@H](O)[C@@H](C)[C@H](OC(C)=O)[C@@H]1C)C(\C=N\N1CCN(CC1)C1CCCC1)=C2O
414, TEMOZOLOMIDE , 8.8 ,CN1N=NC2=C(N=CN2C1=O)C(N)=O
415, LEVETIRACETAM , 3.7 ,CC[C@H](N1CCCC1=O)C(N)=O
416, ZANAMIVIR , 6.7 ,[H][C@]1(OC(=C[C@H](N=C(N)N)[C@H]1NC(C)=O)C(O)=O)[C@H](O)[C@H](O)CO
417, DEXMEDETOMIDINE , 39 ,C[C@H](C1=CNC=N1)C1=C(C)C(C)=CC=C1
418, ROFECOXIB , 8.46 ,CS(=O)(=O)C1=CC=C(C=C1)C1=C(C(=O)OC1)C1=CC=CC=C1
419, PIOGLITAZONE , 6 ,CCC1=CN=C(CCOC2=CC=C(CC3SC(=O)NC3=O)C=C2)C=C1
420, PROGUANIL , 67.9 ,CC(C)NC(=N)NC(=N)NC1=CC=C(Cl)C=C1
421, SIROLIMUS , 11.2 ,[H][C@@]1(C[C@@H](C)[C@]2([H])CC(=O)[C@H](C)\C=C(C)\[C@@H](O)[C@@H](OC)C(=O)[C@H](C)C[C@H](C)\C=C\C=C\C=C(C)\[C@H](C[C@]3([H])CC[C@@H](C)[C@@](O)(O3)C(=O)C(=O)N3CCCC[C@@]3([H])C(=O)O2)OC)CC[C@@H](O)[C@@H](C1)OC
422, MOXIFLOXACIN , 12 ,[H][C@]12CN(C[C@@]1([H])NCCC2)C1=C(F)C=C2C(=O)C(=CN(C3CC3)C2=C1OC)C(O)=O
423, DROSPIRENONE , 5.8 ,[H][C@@]12C[C@]1([H])[C@@]1([H])[C@]3([H])[C@]4([H])C[C@]4([H])[C@@]4(CCC(=O)O4)[C@@]3(C)CC[C@]1([H])[C@@]1(C)CCC(=O)C=C21
424, ALOSETRON , 36 ,CN1C2=C(C3=CC=CC=C13)C(=O)N(CC1=C(C)NC=N1)CC2
425, ALFUZOSIN , 23 ,COC1=CC2=C(C=C1OC)C(N)=NC(=N2)N(C)CCCNC(=O)C1CCCO1
426, LINEZOLID , 7.38 ,CC(=O)NC[C@H]1CN(C(=O)O1)C1=CC(F)=C(C=C1)N1CCOCC1
427, TELITHROMYCIN , 54.6 ,[H][C@@]12[C@@H](C)C(=O)[C@H](C)C[C@@](C)(OC)[C@H](O[C@@H]3O[C@H](C)C[C@@H]([C@H]3O)N(C)C)[C@@H](C)C(=O)[C@@H](C)C(=O)O[C@H](CC)[C@@]1(C)OC(=O)N2CCCCN1C=NC(=C1)C1=CC=CN=C1
428, GEMIFLOXACIN , 26.8 ,CO\N=C1/CN(CC1CN)C1=NC2=C(C=C1F)C(=O)C(=CN2C1CC1)C(O)=O
429, ETONOGESTREL , 3.4 ,[H][C@@]12CC[C@@](O)(C#C)[C@@]1(CC)CC(=C)[C@]1([H])[C@@]3([H])CCC(=O)C=C3CC[C@@]21[H]
430, CETRORELIX , 5 ,CC(C)C[C@H](NC(=O)[C@@H](CCCNC(N)=O)NC(=O)[C@H](CC1=CC=C(O)C=C1)NC(=O)[C@H](CO)NC(=O)[C@@H](CC1=CN=CC=C1)NC(=O)[C@@H](CC1=CC=C(Cl)C=C1)NC(=O)[C@@H](CC1=CC2=CC=CC=C2C=C1)NC(C)=O)C(=O)N[C@@H](CCCNC(N)=N)C(=O)N1CCC[C@H]1C(=O)N[C@H](C)C(N)=O
431, TEGASEROD , 77 ,CCCCCNC(=N)N\N=C\C1=CNC2=C1C=C(OC)C=C2
432, NATEGLINIDE , 7 ,CC(C)[C@H]1CC[C@@H](CC1)C(=O)N[C@H](CC1=CC=CC=C1)C(O)=O
433, LOPINAVIR , 5.98 ,CC(C)[C@H](N1CCCNC1=O)C(=O)N[C@H](C[C@H](O)[C@H](CC1=CC=CC=C1)NC(=O)COC1=C(C)C=CC=C1C)CC1=CC=CC=C1
434, NITISINONE , 0.26 ,[O-][N+](=O)C1=C(C=CC(=C1)C(F)(F)F)C(=O)C1C(=O)CCCC1=O
435, APOMORPHINE , 223 ,[H][C@]12CC3=C(C(O)=C(O)C=C3)C3=CC=CC(CCN1C)=C23
436, VORICONAZOLE , 32.3 ,C[C@@H](C1=NC=NC=C1F)[C@](O)(CN1C=NC=N1)C1=C(F)C=C(F)C=C1
437, TREPROSTINIL , 27.8 ,[H][C@]12C[C@@H](O)[C@H](CC[C@@H](O)CCCCC)[C@@]1([H])CC1=C(C2)C(OCC(O)=O)=CC=C1
438, BIMATOPROST , 97.5 ,CCNC(=O)CCC\C=C/C[C@H]1[C@@H](O)C[C@@H](O)[C@@H]1\C=C\[C@@H](O)CCC1=CC=CC=C1
439, ALFUZOSIN , 23 ,COC1=CC2=C(C=C1OC)C(N)=NC(=N2)N(C)CCCNC(=O)C1CCCO1
440, BOSENTAN , 4 ,COC1=CC=CC=C1OC1=C(NS(=O)(=O)C2=CC=C(C=C2)C(C)(C)C)N=C(N=C1OCCO)C1=NC=CC=N1
441, DUTASTERIDE , 0.33 ,[H][C@@]1(CC[C@@]2([H])[C@]3([H])CC[C@@]4([H])NC(=O)C=C[C@]4(C)[C@@]3([H])CC[C@]12C)C(=O)NC1=CC(=CC=C1C(F)(F)F)C(F)(F)F
442, ABARELIX , 8.6 ,CC(C)C[C@H](NC(=O)[C@@H](CC(N)=O)NC(=O)[C@H](CC1=CC=C(O)C=C1)N(C)C(=O)[C@H](CO)NC(=O)[C@@H](CC1=CN=CC=C1)NC(=O)[C@@H](CC1=CC=C(Cl)C=C1)NC(=O)[C@@H](CC1=CC2=C(C=CC=C2)C=C1)NC(C)=O)C(=O)N[C@@H](CCCCNC(C)C)C(=O)N1CCC[C@H]1C(=O)N[C@H](C)C(N)=O
443, ERTAPENEM , 1.8 ,[H][C@]12[C@@H](C)C(S[C@]3([H])CN[C@@]([H])(C3)C(=O)NC3=CC=CC(=C3)C(O)=O)=C(N1C(=O)[C@]2([H])[C@@H](C)O)C(O)=O
444, VALDECOXIB , 6 ,CC1=C(C(=NO1)C1=CC=CC=C1)C1=CC=C(C=C1)S(N)(=O)=O
445, FULVESTRANT , 41.4 ,[H][C@@]12CC[C@H](O)[C@@]1(C)CC[C@]1([H])C3=CC=C(O)C=C3C[C@@H](CCCCCCCCCS(=O)CCCC(F)(F)C(F)(F)F)[C@@]21[H]
446, FONDAPARINUX , 0.32 ,CO[C@H]1O[C@H](COS(O)(=O)=O)[C@@H](O[C@@H]2O[C@H]([C@@H](O[C@H]3O[C@H](COS(O)(=O)=O)[C@@H](O[C@@H]4O[C@@H]([C@@H](O[C@H]5O[C@H](COS(O)(=O)=O)[C@@H](O)[C@H](O)[C@H]5NS(O)(=O)=O)[C@H](O)[C@H]4O)C(O)=O)[C@H](OS(O)(=O)=O)[C@H]3NS(O)(=O)=O)[C@H](O)[C@H]2OS(O)(=O)=O)C(O)=O)[C@H](O)[C@H]1NS(O)(=O)=O
447, MIGLUSTAT , 13.8 ,CCCCN1C[C@H](O)[C@@H](O)[C@H](O)[C@H]1CO
448, GATIFLOXACIN , 11.9 ,COC1=C2N(C=C(C(O)=O)C(=O)C2=CC(F)=C1N1CCNC(C)C1)C1CC1
449, ROSUVASTATIN , 42.9 ,CC(C)C1=NC(=NC(C2=CC=C(F)C=C2)=C1\C=C\[C@@H](O)C[C@@H](O)CC(=O)O)N(C)S(C)(=O)=O
450, TADALAFIL , 2.5 ,[H][C@]12CC3=C(NC4=CC=CC=C34)[C@H](N1C(=O)CN(C)C2=O)C1=CC2=C(OCO2)C=C1
451, PALONOSETRON , 10.4 ,[H][C@]12CCCC3=C1C(=CC=C3)C(=O)N(C2)[C@@H]1CN2CCC1CC2
452, GEFITINIB , 35.7 ,COC1=C(OCCCN2CCOCC2)C=C2C(NC3=CC(Cl)=C(F)C=C3)=NC=NC2=C1
453, VARDENAFIL , 56 ,CCCC1=NC(C)=C2N1NC(=NC2=O)C1=C(OCC)C=CC(=C1)S(=O)(=O)N1CCN(CC)CC1
454, ATOMOXETINE , 22.7 ,CNCC[C@@H](OC1=CC=CC=C1C)C1=CC=CC=C1
455, DULOXETINE , 94.7 ,CNCC[C@H](OC1=CC=CC2=CC=CC=C12)C1=CC=CS1
456, ACAMPROSATE , 2.3 ,CC(=O)NCCCS(O)(=O)=O
457, ARIPIPRAZOLE , 3.2 ,ClC1=CC=CC(N2CCN(CCCCOC3=CC4=C(CCC(=O)N4)C=C3)CC2)=C1Cl
458, EPLERENONE , 10 ,[H][C@@]12CC[C@@]3(CCC(=O)O3)[C@@]1(C)C[C@H]1O[C@@]11[C@@]2([H])[C@@H](CC2=CC(=O)CC[C@]12C)C(=O)OC
459, PREGABALIN , 3.7 ,CC(C)C[C@H](CN)CC(O)=O
460, IBANDRONATE , 5 ,CCCCCN(C)CCC(O)(P(O)(O)=O)P(O)(O)=O
461, MEMANTINE , 6.4 ,CC12CC3CC(C)(C1)CC(N)(C3)C2
462, GATIFLOXACIN , 11.9 ,COC1=C2N(C=C(C(O)=O)C(=O)C2=CC(F)=C1N1CCNC(C)C1)C1CC1
463, EMTRICITABINE , 18.1 ,NC1=NC(=O)N(C=C1F)[C@@H]1CS[C@H](CO)O1
464, MICAFUNGIN , 1.16 ,CCCCCOC1=CC=C(C=C1)C1=CC(=NO1)C1=CC=C(C=C1)C(=O)N[C@H]1C[C@@H](O)[C@@H](O)NC(=O)[C@@H]2[C@@H](O)[C@@H](C)CN2C(=O)[C@@H](NC(=O)[C@@H](NC(=O)[C@@H]2C[C@@H](O)CN2C(=O)[C@@H](NC1=O)[C@@H](C)O)[C@H](O)[C@@H](O)C1=CC(OS(O)(=O)=O)=C(O)C=C1)[C@H](O)CC(N)=O
465, APREPITANT , 4.4 ,C[C@@H](O[C@H]1OCCN(CC2=NNC(=O)N2)[C@H]1C1=CC=C(F)C=C1)C1=CC(=CC(=C1)C(F)(F)F)C(F)(F)F
466, EPINASTINE , 56 ,NC1=NCC2N1C1=CC=CC=C1CC1=CC=CC=C21
467, DAPTOMYCIN , 0.58 ,CCCCCCCCCC(=O)N[C@@H](CC1=CNC2=C1C=CC=C2)C(=O)N[C@H](CC(N)=O)C(=O)N[C@@H](CC(O)=O)C(=O)N[C@H]1[C@@H](C)OC(=O)[C@H](CC(=O)C2=CC=CC=C2N)NC(=O)[C@@H](NC(=O)[C@@H](CO)NC(=O)CNC(=O)[C@H](CC(O)=O)NC(=O)[C@@H](C)NC(=O)[C@H](CC(O)=O)NC(=O)[C@H](CCCN)NC(=O)CNC1=O)[C@H](C)CC(O)=O
468, TROSPIUM , 13.6 ,[H][C@]12CC[C@]([H])(C[C@@H](C1)OC(=O)C(O)(C1=CC=CC=C1)C1=CC=CC=C1)[N+]21CCCC1
469, BORTEZOMIB , 32 ,CC(C)C[C@H](NC(=O)[C@H](CC1=CC=CC=C1)NC(=O)C1=CN=CC=N1)B(O)O
470, TINIDAZOLE , 2.34 ,CCS(=O)(=O)CCN1C(C)=NC=C1[N+]([O-])=O
471, ANIDULAFUNGIN , 0.78 ,[H][C@]1(NC(=O)[C@@H](NC(=O)[C@@H]2C[C@@H](O)CN2C(=O)[C@@H](NC(=O)[C@H](C[C@@H](O)[C@@H](O)NC(=O)[C@@H]2[C@@H](O)[C@@H](C)CN2C1=O)NC(=O)C1=CC=C(C=C1)C1=CC=C(C=C1)C1=CC=C(OCCCCC)C=C1)[C@@H](C)O)[C@H](O)[C@@H](O)C1=CC=C(O)C=C1)[C@@H](C)O
472, CICLESONIDE , 152 ,[H][C@@]12C[C@@]3([H])[C@]4([H])CCC5=CC(=O)C=C[C@]5(C)[C@@]4([H])[C@@H](O)C[C@]3(C)[C@@]1(O[C@@H](O2)C1CCCCC1)C(=O)COC(=O)C(C)C
473, BROMFENAC , 5 ,NC1=C(CC(O)=O)C=CC=C1C(=O)C1=CC=C(Br)C=C1
474, CLOFARABINE , 46 ,[H][C@]1(F)[C@H](O)[C@@H](CO)O[C@H]1N1C=NC2=C(N)N=C(Cl)N=C12
475, CINACALCET , 19.8 ,C[C@@H](NCCCC1=CC(=CC=C1)C(F)(F)F)C1=CC=CC2=CC=CC=C12
476, CONIVAPTAN , 15.2 ,CC1=NC2=C(CCN(C(=O)C3=CC=C(NC(=O)C4=CC=CC=C4C4=CC=CC=C4)C=C3)C3=CC=CC=C23)N1
477, NEBIVOLOL , 54.6 ,OC(CNCC(O)C1CCC2=C(O1)C=CC(F)=C2)C1CCC2=C(O1)C=CC(F)=C2
478, ERLOTINIB , 4.4 ,COCCOC1=CC2=C(C=C1OCCOC)C(NC1=CC(=CC=C1)C#C)=NC=N2
479, ALVIMOPAN , 24 ,C[C@H]1CN(C[C@H](CC2=CC=CC=C2)C(=O)NCC(O)=O)CC[C@@]1(C)C1=CC(O)=CC=C1
480, ILOPROST , 62 ,[H][C@]12C[C@@H](O)[C@H](\C=C\[C@@H](O)C(C)CC#CC)[C@@]1([H])C\C(C2)=C\CCCC(O)=O
481, RAMELTEON , 28.3 ,CCC(=O)NCC[C@@H]1CCC2=C1C1=C(OCC1)C=C2
482, DECITABINE , 130 ,NC1=NC(=O)N(C=N1)[C@H]1C[C@H](O)[C@@H](CO)O1
483, DAPSONE , 1.8 ,NC1=CC=C(C=C1)S(=O)(=O)C1=CC=C(N)C=C1
484, ENTECAVIR , 23 ,NC1=NC(=O)C2=C(N1)N(C=N2)[C@H]1C[C@H](O)[C@@H](CO)C1=C
485, QUININE , 11 ,[H][C@]1(C[C@@H]2CC[N@]1C[C@@H]2C=C)[C@H](O)C1=CC=NC2=CC=C(OC)C=C12
486, TIPRANAVIR , 1.15 ,[H][C@@](CC)(C1=CC(NS(=O)(=O)C2=NC=C(C=C2)C(F)(F)F)=CC=C1)C1=C(O)C[C@@](CCC)(CCC2=CC=CC=C2)OC1=O
487, TIGECYCLINE , 23.8 ,[H][C@@]12CC3=C(C(O)=C(NC(=O)CNC(C)(C)C)C=C3N(C)C)C(=O)C1=C(O)[C@]1(O)C(=O)C(C(N)=O)=C(O)[C@@H](N(C)C)[C@]1([H])C2
488, NELARABINE , 315 ,COC1=NC(N)=NC2=C1N=CN2[C@@H]1O[C@H](CO)[C@@H](O)[C@@H]1O
489, DEFERASIROX , 0.8 ,OC(=O)C1=CC=C(C=C1)N1N=C(N=C1C1=CC=CC=C1O)C1=CC=CC=C1O
490, DASATINIB , 433 ,CC1=NC(NC2=NC=C(S2)C(=O)NC2=C(C)C=CC=C2Cl)=CC(=N1)N1CCN(CCO)CC1
491, VORINOSTAT , 109 ,ONC(=O)CCCCCCC(=O)NC1=CC=CC=C1
492, PALIPERIDONE , 10.8 ,CC1=C(CCN2CCC(CC2)C2=NOC3=C2C=CC(F)=C3)C(=O)N2CCCC(O)C2=N1
493, POSACONAZOLE , 32 ,[H][C@@](C)(O)[C@]([H])(CC)N1N=CN(C1=O)C1=CC=C(C=C1)N1CCN(CC1)C1=CC=C(OC[C@]2([H])CO[C@](CN3C=NC=N3)(C2)C2=C(F)C=C(F)C=C2)C=C1
494, CARBENICILLIN , 7.4 ,[H][C@]12SC(C)(C)[C@@H](N1C(=O)[C@H]2NC(=O)C(C(O)=O)C1=CC=CC=C1)C(O)=O
495, IXABEPILONE , 39 ,[H][C@]12C[C@H](NC(=O)C[C@H](O)C(C)(C)C(=O)[C@H](C)[C@@H](O)[C@@H](C)CCC[C@@]1(C)O2)C(\C)=C\C1=CSC(C)=N1
496, TEMSIROLIMUS , 16.2 ,OCC(C)(CO)C(=O)O[C@@H]1CC[C@@H](C[C@@H](C)[C@]2([H])CC(=O)[C@H](C)\C=C(C)\[C@@H](O)[C@@H](OC)C(=O)[C@H](C)C[C@H](C)\C=C\C=C\C=C(C)\[C@@H](OC)C[C@]3([H])CC[C@@H](C)[C@@](O)(O3)C(=O)C(=O)N3CCCC[C@H]3C(=O)O2)C[C@H]1OC
497, DORIPENEM , 15.9 ,[H][C@]12[C@@H](C)C(S[C@@H]3CN[C@H](CNS(N)(=O)=O)C3)=C(N1C(=O)[C@]2([H])[C@@H](C)O)C(O)=O
498, MARAVIROC , 8.4 ,CC(C)C1=NN=C(C)N1[C@H]1C[C@@H]2CC[C@H](C1)N2CC[C@H](NC(=O)C1CCC(F)(F)CC1)C1=CC=CC=C1
499, DOXYCYCLINE , 1.8 ,[H][C@@]12[C@@H](C)C3=CC=CC(O)=C3C(=O)C1=C(O)[C@]1(O)C(=O)C(C(N)=O)=C(O)[C@@H](N(C)C)[C@]1([H])[C@H]2O
500, ERYTHROMYCIN , 21.8 ,CC[C@H]1OC(=O)[C@H](C)[C@@H](O[C@H]2C[C@@](C)(OC)[C@@H](O)[C@H](C)O2)[C@H](C)[C@@H](O[C@@H]2O[C@H](C)C[C@@H]([C@H]2O)N(C)C)[C@](C)(O)C[C@@H](C)C(=O)[C@H](C)[C@@H](O)[C@]1(C)O
501, DICLOXACILLIN , 7.8 ,[H][C@]12SC(C)(C)[C@@H](N1C(=O)[C@H]2NC(=O)C1=C(C)ON=C1C1=C(Cl)C=CC=C1Cl)C(O)=O
502, GENTAMICIN , 3.9 ,CNC(C)C1CCC(N)C(OC2C(N)CC(N)C(OC3OCC(C)(O)C(NC)C3O)C2O)O1
503, AMPICILLIN , 10.9 ,[H][C@]12SC(C)(C)[C@@H](N1C(=O)[C@H]2NC(=O)[C@H](N)C1=CC=CC=C1)C(O)=O
504, CHLORAMPHENICOL , 9.3 ,OC[C@@H](NC(=O)C(Cl)Cl)[C@H](O)C1=CC=C(C=C1)[N+]([O-])=O
505, COLISTIMETHATE , 13.7 ,CCC(C)CCCCC(=O)NC(CCNCS([O-])(=O)=O)C(=O)NC(C(C)O)C(=O)NC(CCNCS([O-])(=O)=O)C(=O)NC1CCNC(=O)C(NC(=O)C(CCNCS([O-])(=O)=O)NC(=O)C(CCNCS([O-])(=O)=O)NC(=O)C(CC(C)C)NC(=O)C(CC(C)C)NC(=O)C(CCNCS([O-])(=O)=O)NC1=O)C(C)O
506, NAFCILLIN , 12.8 ,[H][C@]12SC(C)(C)[C@@H](N1C(=O)[C@H]2NC(=O)C1=C(OCC)C=CC2=CC=CC=C12)C(O)=O
507, OXACILLIN , 24.5 ,[H][C@]12SC(C)(C)[C@@H](N1C(=O)[C@H]2NC(=O)C1=C(C)ON=C1C1=CC=CC=C1)C(O)=O
508, CLINDAMYCIN , 17.5 ,CCC[C@@H]1C[C@H](N(C)C1)C(=O)NC(C(C)Cl)[C@H]1O[C@H](SC)[C@H](O)[C@@H](O)[C@H]1O
509, TETRACYCLINE , 5.8 ,[H][C@@]12C[C@@]3([H])C(=C(O)[C@]1(O)C(=O)C(C(N)=O)=C(O)[C@H]2N(C)C)C(=O)C1=C(O)C=CC=C1[C@@]3(C)O
510, PENTOBARBITAL , 1.83 ,CCCC(C)C1(CC)C(=O)NC(=O)NC1=O
511, DEMECLOCYCLINE , 4.3 ,[H][C@]12C[C@@]3([H])[C@H](N(C)C)C(O)=C(C(N)=O)C(=O)[C@@]3(O)C(O)=C1C(=O)C1=C([C@H]2O)C(Cl)=CC=C1O
512, OXYTETRACYCLINE , 7.8 ,[H][C@@]12[C@@H](O)[C@@]3([H])C(C(=O)C4=C(C=CC=C4O)[C@@]3(C)O)=C(O)[C@]1(O)C(=O)C(C(N)=O)=C(O)[C@H]2N(C)C
513, CARBENICILLIN , 7.4 ,[H][C@]12SC(C)(C)[C@@H](N1C(=O)[C@H]2NC(=O)C(C(O)=O)C1=CC=CC=C1)C(O)=O
514, AMPHOTERICIN B , 0.715 ,[H][C@]12C[C@@H](O[C@@H]3O[C@H](C)[C@@H](O)[C@H](N)[C@@H]3O)\C=C\C=C\C=C\C=C\C=C\C=C\C=C\[C@H](C)[C@@H](O)[C@@H](C)[C@H](C)OC(=O)C[C@H](O)C[C@H](O)CC[C@@H](O)[C@H](O)C[C@H](O)C[C@](O)(C[C@H](O)[C@H]1C(O)=O)O2
515, MINOCYCLINE , 4.68 ,[H][C@@]12CC3=C(C(O)=CC=C3N(C)C)C(=O)C1=C(O)[C@]1(O)C(=O)C(C(N)=O)=C(O)[C@@H](N(C)C)[C@]1([H])C2
516, LINCOMYCIN , 8.2 ,[H][C@]1(C[C@@H](CCC)CN1C)C(=O)N[C@H]([C@@H](C)O)[C@H]1O[C@H](SC)[C@H](O)[C@@H](O)[C@H]1O
517, SPECTINOMYCIN , 3.8 ,[H][C@@]12O[C@H](C)CC(=O)[C@]1(O)O[C@]1([H])[C@@H](NC)[C@@H](O)[C@@H](NC)[C@H](O)[C@@]1([H])O2
518, CHLORTETRACYCLINE , 7.8 ,[H][C@@]12C[C@@]3([H])C(=C(O)[C@]1(O)C(=O)C(C(N)=O)=C(O)[C@H]2N(C)C)C(=O)C1=C(O)C=CC(Cl)=C1[C@@]3(C)O
519, CEPHALEXIN , 15.2 ,[H][C@]12SCC(C)=C(N1C(=O)[C@H]2NC(=O)[C@H](N)C1=CC=CC=C1)C(O)=O
520, AMOXICILLIN , 12.8 ,[H][C@]12SC(C)(C)[C@@H](N1C(=O)[C@H]2NC(=O)[C@H](N)C1=CC=C(O)C=C1)C(O)=O
521, CEFAZOLIN , 3.4 ,[H][C@]12SCC(CSC3=NN=C(C)S3)=C(N1C(=O)[C@H]2NC(=O)CN1C=NN=N1)C(O)=O
522, DOXORUBICIN , 58.5 ,COC1=CC=CC2=C1C(=O)C1=C(O)C3=C(C[C@](O)(C[C@@H]3O[C@H]3C[C@H](N)[C@H](O)[C@H](C)O3)C(=O)CO)C(O)=C1C2=O
523, DAUNORUBICIN , 14 ,COC1=CC=CC2=C1C(=O)C1=C(O)C3=C(C[C@](O)(C[C@@H]3O[C@H]3C[C@H](N)[C@H](O)[C@H](C)O3)C(C)=O)C(O)=C1C2=O
524, AMIKACIN , 4.3 ,NCC[C@H](O)C(=O)N[C@@H]1C[C@H](N)[C@@H](O[C@H]2O[C@H](CN)[C@@H](O)[C@H](O)[C@H]2O)[C@H](O)[C@H]1O[C@H]1O[C@H](CO)[C@@H](O)[C@H](N)[C@H]1O
525, TICARCILLIN , 7 ,[H][C@]12SC(C)(C)[C@@H](N1C(=O)[C@H]2NC(=O)[C@H](C(O)=O)C1=CSC=C1)C(O)=O
526, CEFOXITIN , 14 ,[H][C@]12SCC(COC(N)=O)=C(N1C(=O)[C@]2(NC(=O)CC1=CC=CS1)OC)C(O)=O
527, NETILMICIN , 2.1 ,CCN[C@@H]1C[C@H](N)[C@@H](O[C@H]2OC(CN)=CC[C@H]2N)[C@H](O)[C@H]1O[C@H]1OC[C@](C)(O)[C@H](NC)[C@H]1O
528, PIPERACILLIN , 15.6 ,[H][C@]12SC(C)(C)[C@@H](N1C(=O)[C@H]2NC(=O)[C@H](NC(=O)N1CCN(CC)C(=O)C1=O)C1=CC=CC=C1)C(O)=O
529, CEFOTAXIME , 10.5 ,[H][C@]12SCC(COC(C)=O)=C(N1C(=O)[C@H]2NC(=O)C(=N/OC)\C1=CSC(N)=N1)C(O)=O
530, CEFOPERAZONE , 5 ,[H][C@]12SCC(CSC3=NN=NN3C)=C(N1C(=O)[C@@]2([H])NC(=O)[C@H](NC(=O)N1CCN(CC)C(=O)C1=O)C1=CC=C(O)C=C1)C(O)=O
531, CEFORANIDE , 2.6 ,[H][C@]12SCC(CSC3=NN=NN3CC(O)=O)=C(N1C(=O)[C@H]2NC(=O)CC1=CC=CC=C1CN)C(O)=O
532, CEFUROXIME , 8.6 ,[H][C@]12SCC(COC(N)=O)=C(N1C(=O)[C@H]2NC(=O)C(=N/OC)\C1=CC=CO1)C(O)=O
533, CEFTIZOXIME , 8.2 ,[H][C@]12SCC=C(N1C(=O)[C@H]2NC(=O)C(=N/OC)\C1=CSC(N)=N1)C(O)=O
534, AZLOCILLIN , 9.7 ,[H][C@](NC(=O)N1CCNC1=O)(C(=O)N[C@@H]1C(=O)N2[C@@H](C(O)=O)C(C)(C)S[C@]12[H])C1=CC=CC=C1
535, AMDINOCILLIN , 24 ,[H]C(=N[C@@H]1C(=O)N2[C@@H](C(O)=O)C(C)(C)S[C@]12[H])N1CCCCCC1
536, CEFMENOXIME , 5 ,[H][C@]12SCC(CSC3=NN=NN3C)=C(N1C(=O)[C@H]2NC(=O)C(=N/OC)\C1=CSC(N)=N1)C(O)=O
537, CEFTAZIDIME , 6.9 ,[O-]C(=O)C1=C(CS[C@]2([H])[C@H](NC(=O)C(=N/OC(C)(C)C(O)=O)\C3=CSC(N)=N3)C(=O)N12)C[N+]1=CC=CC=C1
538, CEFONICID , 87 ,[H][C@]12SCC(CSC3=NN=NN3CS(O)(=O)=O)=C(N1C(=O)[C@H]2NC(=O)[C@H](O)C1=CC=CC=C1)C(O)=O
539, AZTREONAM , 5.4 ,C[C@H]1[C@H](NC(=O)C(=N/OC(C)(C)C(=O)O)\C2=CSC([NH3+])=N2)C(=O)N1S([O-])(=O)=O
540, CEFTRIAXONE , 1 ,[H][C@]12SCC(CSC3=NC(=O)C(=O)NN3C)=C(N1C(=O)[C@H]2NC(=O)C(=N/OC)\C1=CSC(N)=N1)C(O)=O
541, CILASTATIN , 8.97 ,CC1(C)C[C@@H]1C(=O)N\C(=C/CCCCSC[C@H](N)C(O)=O)C(O)=O
542, IMIPENEM , 11.7 ,[H][C@]12CC(SCC\N=C\N)=C(N1C(=O)[C@]2([H])[C@@H](C)O)C(O)=O
543, VANCOMYCIN , 5.07 ,CN[C@H](CC(C)C)C(=O)N[C@@H]1[C@H](O)C2=CC=C(OC3=C(O[C@@H]4O[C@H](CO)[C@@H](O)[C@H](O)[C@H]4O[C@H]4C[C@](C)(N)[C@H](O)[C@H](C)O4)C4=CC(=C3)[C@@H](NC(=O)[C@H](CC(N)=O)NC1=O)C(=O)N[C@@H]1C3=CC(=C(O)C=C3)C3=C(O)C=C(O)C=C3[C@H](NC(=O)[C@@H](NC1=O)[C@H](O)C1=CC(Cl)=C(O4)C=C1)C(O)=O)C(Cl)=C2
544, CEFIXIME , 3.9 ,[H][C@]12SCC(C=C)=C(N1C(=O)[C@H]2NC(=O)C(=N/OCC(O)=O)\C1=CSC(N)=N1)C(O)=O
545, CEFMETAZOLE , 5.85 ,[H][C@]12SCC(CSC3=NN=NN3C)=C(N1C(=O)[C@]2(NC(=O)CSCC#N)OC)C(O)=O
546, IDARUBICIN , 93 ,C[C@@H]1O[C@H](C[C@H](N)[C@@H]1O)O[C@H]1C[C@@](O)(CC2=C1C(O)=C1C(=O)C3=CC=CC=C3C(=O)C1=C2O)C(C)=O
547, CLARITHROMYCIN , 28.5 ,[H][C@@]1(C[C@@](C)(OC)[C@@H](O)[C@H](C)O1)O[C@H]1[C@H](C)[C@@H](O[C@]2([H])O[C@H](C)C[C@@H]([C@H]2O)N(C)C)[C@@](C)(C[C@@H](C)C(=O)[C@H](C)[C@@H](O)[C@](C)(O)[C@@H](CC)OC(=O)[C@@H]1C)OC
548, CEFPROZIL , 11.7 ,[H][C@]12SCC(C=CC)=C(N1C(=O)[C@@]2([H])NC(=O)[C@H](N)C1=CC=C(O)C=C1)C(O)=O
549, LORACARBEF , 14.4 ,N[C@@H](C(=O)N[C@H]1[C@H]2CCC(Cl)=C(N2C1=O)C(O)=O)C1=CC=CC=C1
550, AZITHROMYCIN , 37.8 ,CC[C@H]1OC(=O)[C@H](C)[C@@H](O[C@H]2C[C@@](C)(OC)[C@@H](O)[C@H](C)O2)[C@H](C)[C@@H](O[C@@H]2O[C@H](C)C[C@@H]([C@H]2O)N(C)C)[C@](C)(O)C[C@@H](C)CN(C)[C@H](C)[C@@H](O)[C@]1(C)O
551, CEFEPIME , 7.2 ,CO\N=C(/C(=O)N[C@@H]1C(=O)N2[C@]1([H])SCC(C[N+]1(C)CCCC1)=C2C([O-])=O)C1=CSC(N)=N1
552, TAZOBACTAM , 12.3 ,[H][C@@]12CC(=O)N1[C@@H](C(O)=O)[C@](C)(CN1C=CN=N1)S2(=O)=O
553, CEFTIBUTEN , 5 ,[H][C@]12SCC=C(N1C(=O)[C@H]2NC(=O)C(=C/CC(O)=O)\C1=CSC(N)=N1)C(O)=O
554, RIFABUTIN , 44.8 ,CO[C@H]1\C=C\O[C@@]2(C)OC3=C(C2=O)C2=C(C(O)=C3C)C(=O)C(NC(=O)\C(C)=C/C=C/[C@H](C)[C@H](O)[C@@H](C)[C@@H](O)[C@@H](C)[C@H](OC(C)=O)[C@@H]1C)=C1NC3(CCN(CC3)CC(C)C)N=C21
555, PYRAZINAMIDE , 3.82 ,NC(=O)C1=NC=CN=C1
556, MEROPENEM , 15.2 ,[H][C@]1([C@@H](C)O)C(=O)N2C(C(O)=O)=C(S[C@@H]3CN[C@@H](C3)C(=O)N(C)C)[C@H](C)[C@]12[H]
557, TACROLIMUS , 2.6 ,CO[C@@H]1C[C@@H](CC[C@H]1O)\C=C(/C)[C@H]1OC(=O)[C@@H]2CCCCN2C(=O)C(=O)[C@]2(O)O[C@@H]([C@H](C[C@H]2C)OC)[C@H](C[C@@H](C)C\C(C)=C\[C@@H](CC=C)C(=O)C[C@H](O)[C@H]1C)OC
558, FOSFOMYCIN , 16.9 ,C[C@@H]1O[C@@H]1P(O)(O)=O
559, CEFDINIR , 60 ,[H][C@]12SCC(C=C)=C(N1C(=O)[C@H]2NC(=O)C(=N/O)\C1=CSC(N)=N1)C(O)=O
560, QUINUPRISTIN , 46.8 ,[H][C@@]12CCCN1C(=O)[C@@H](CC)NC(=O)[C@@H](NC(=O)C1=NC=CC=C1O)[C@@H](C)OC(=O)[C@@H](NC(=O)[C@]1([H])CC(=O)[C@]([H])(CS[C@@H]3CN4CCC3CC4)CN1C(=O)[C@H](CC1=CC=C(C=C1)N(C)C)N(C)C2=O)C1=CC=CC=C1
561, DALFOPRISTIN , 46.8 ,CCN(CC)CCS(=O)(=O)[C@@H]1CCN2[C@H]1C(=O)O[C@H](C(C)C)[C@H](C)\C=C\C(=O)NC\C=C\C(\C)=C\[C@@H](O)CC(=O)CC1=NC(=CO1)C2=O
562, EPIRUBICIN , 69 ,COC1=CC=CC2=C1C(=O)C1=C(O)C3=C(C[C@](O)(C[C@@H]3O[C@H]3C[C@H](N)[C@@H](O)[C@H](C)O3)C(=O)CO)C(O)=C1C2=O
563, MYCOPHENOLIC ACID , 8.4 ,COC1=C(C\C=C(/C)CCC(O)=O)C(O)=C2C(=O)OCC2=C1C
564, AZACITIDINE , 167 ,NC1=NC(=O)N(C=N1)[C@@H]1O[C@H](CO)[C@@H](O)[C@H]1O
565, STREPTOMYCIN , 3 ,CN[C@H]1[C@H](O)[C@@H](O)[C@H](CO)O[C@H]1O[C@H]1[C@H](O[C@H]2[C@H](O)[C@@H](O)[C@H](NC(N)=N)[C@@H](O)[C@@H]2NC(N)=N)O[C@@H](C)[C@]1(O)C=O
566, PENTOBARBITAL , 1.83 ,CCCC(C)C1(CC)C(=O)NC(=O)NC1=O
567, DIGITOXIN , 0.16 ,[H][C@@]1(CC[C@]2(O)[C@]3([H])CC[C@]4([H])C[C@H](CC[C@]4(C)[C@@]3([H])CC[C@]12C)O[C@H]1C[C@H](O)[C@H](O[C@H]2C[C@H](O)[C@H](O[C@H]3C[C@H](O)[C@H](O)[C@@H](C)O3)[C@@H](C)O2)[C@@H](C)O1)C1=CC(=O)OC1
568, DRONEDARONE , 140 ,CCCCN(CCCC)CCCOC1=CC=C(C=C1)C(=O)C1=C(CCCC)OC2=C1C=C(NS(C)(=O)=O)C=C2
569, CHLOROQUINE , 16 ,CCN(CC)CCCC(C)NC1=CC=NC2=CC(Cl)=CC=C12
570, MEPHENYTOIN , 1.74 ,CCC1(NC(=O)N(C)C1=O)C1=CC=CC=C1
571, METHADONE , 6.6 ,CCC(=O)C(CC(C)N(C)C)(C1=CC=CC=C1)C1=CC=CC=C1
572, DOXYLAMINE , 11.7 ,CN(C)CCOC(C)(C1=CC=CC=C1)C1=CC=CC=N1
573, DYPHYLLINE , 18.7 ,CN1C2=C(N(CC(O)CO)C=N2)C(=O)N(C)C1=O
574, PROMETHAZINE , 54 ,CC(CN1C2=CC=CC=C2SC2=CC=CC=C12)N(C)C
575, WARFARIN , 0.21 ,CC(=O)CC(C1=CC=CC=C1)C1=C(O)C2=C(OC1=O)C=CC=C2
576, PROCYCLIDINE , 3.3 ,OC(CCN1CCCC1)(C1CCCCC1)C1=CC=CC=C1
577, AMPHETAMINE , 37 ,CC(N)CC1=CC=CC=C1
578, HYDROXYZINE , 39 ,OCCOCCN1CCN(CC1)C(C1=CC=CC=C1)C1=CC=C(Cl)C=C1
579, METHOCARBAMOL , 52 ,COC1=C(OCC(O)COC(N)=O)C=CC=C1
580, METHOHEXITAL , 46 ,CCC#CC(C)C1(CC=C)C(=O)NC(=O)N(C)C1=O
581, BIPERIDEN , 46.8 ,OC(CCN1CCCCC1)(C1CC2CC1C=C2)C1=CC=CC=C1
582, MEPIVACAINE , 26 ,CN1CCCCC1C(=O)NC1=C(C)C=CC=C1C
583, CHLORTHALIDONE , 5.8 ,NS(=O)(=O)C1=C(Cl)C=CC(=C1)C1(O)NC(=O)C2=CC=CC=C12
584, METAXALONE , 66 ,CC1=CC(OCC2CNC(=O)O2)=CC(C)=C1
585, PRILOCAINE , 142 ,CCCNC(C)C(=O)NC1=CC=CC=C1C
586, DOXAPRAM , 20 ,CCN1CC(CCN2CCOCC2)C(C1=O)(C1=CC=CC=C1)C1=CC=CC=C1
587, OXAZEPAM , 4.3 ,OC1N=C(C2=CC=CC=C2)C2=C(NC1=O)C=CC(Cl)=C2
588, PROPRANOLOL , 46.8 ,CC(C)NCC(O)COC1=CC=CC2=C1C=CC=C2
589, TRIMIPRAMINE , 62.4 ,CC(CN(C)C)CN1C2=CC=CC=C2CCC2=CC=CC=C12
590, KETAMINE , 74 ,CNC1(CCCCC1=O)C1=CC=CC=C1Cl
591, BUPIVACAINE , 16.7 ,CCCCN1CCCCC1C(=O)NC1=C(C)C=CC=C1C
592, METOLAZONE , 5.4 ,CC1NC2=CC(Cl)=C(C=C2C(=O)N1C1=CC=CC=C1C)S(N)(=O)=O
593, DISOPYRAMIDE , 3.5 ,CC(C)N(CCC(C(N)=O)(C1=CC=CC=C1)C1=NC=CC=C1)C(C)C
594, IBUPROFEN , 2.9 ,CC(C)CC1=CC=C(C=C1)C(C)C(O)=O
595, LORAZEPAM , 4.3 ,OC1N=C(C2=CC=CC=C2Cl)C2=C(NC1=O)C=CC(Cl)=C2
596, DOBUTAMINE , 249 ,CC(CCC1=CC=C(O)C=C1)NCCC1=CC(O)=C(O)C=C1
597, BACLOFEN , 10 ,NCC(CC(O)=O)C1=CC=C(Cl)C=C1
598, OXPRENOLOL , 120 ,CC(C)NCC(O)COC1=CC=CC=C1OCC=C
599, ATENOLOL , 9.75 ,CC(C)NCC(O)COC1=CC=C(CC(N)=O)C=C1
600, TOCAINIDE , 8.5 ,CC(N)C(=O)NC1=C(C)C=CC=C1C
601, PINDOLOL , 30 ,CC(C)NCC(O)COC1=CC=CC2=C1C=CN2
602, KETOPROFEN , 6.9 ,CC(C(O)=O)C1=CC(=CC=C1)C(=O)C1=CC=CC=C1
603, FLURBIPROFEN , 1.08 ,CC(C(O)=O)C1=CC(F)=C(C=C1)C1=CC=CC=C1
604, FLECAINIDE , 17.6 ,FC(F)(F)COC1=CC(C(=O)NCC2CCCCN2)=C(OCC(F)(F)F)C=C1
605, NIMODIPINE , 54 ,COCCOC(=O)C1=C(C)NC(C)=C(C1C1=CC(=CC=C1)[N+]([O-])=O)C(=O)OC(C)C
606, MEXILETINE , 30 ,CC(N)COC1=C(C)C=CC=C1C
607, ACEBUTOLOL , 36 ,CCCC(=O)NC1=CC=C(OCC(O)CNC(C)C)C(=C1)C(C)=O
608, ETODOLAC , 3 ,CCC1=C2NC3=C(CCOC3(CC)CC(O)=O)C2=CC=C1
609, TERAZOSIN , 4 ,COC1=C(OC)C=C2C(N)=NC(=NC2=C1)N1CCN(CC1)C(=O)C1CCCO1
610, IPRATROPIUM , 0.15 ,[H][C@]12CC[C@]([H])(C[C@@H](C1)OC(=O)C(CO)C1=CC=CC=C1)[N+]2(C)C(C)C
611, PROPAFENONE , 57 ,CCCNCC(O)COC1=C(C=CC=C1)C(=O)CCC1=CC=CC=C1
612, BETAXOLOL , 13.26 ,CC(C)NCC(O)COC1=CC=C(CCOCC2CC2)C=C1
613, ESMOLOL , 1300 ,COC(=O)CCC1=CC=C(OCC(O)CNC(C)C)C=C1
614, SUPROFEN , 2.96 ,CC(C(O)=O)C1=CC=C(C=C1)C(=O)C1=CC=CS1
615, RIMANTADINE , 3.9 ,CC(N)C12CC3CC(CC(C3)C1)C2
616, EVEROLIMUS , 8.2 ,[H][C@@]1(C[C@@H](C)[C@]2([H])CC(=O)[C@H](C)\C=C(C)\[C@@H](O)[C@@H](OC)C(=O)[C@H](C)C[C@H](C)\C=C\C=C\C=C(C)\[C@H](C[C@]3([H])CC[C@@H](C)[C@@](O)(O3)C(=O)C(=O)N3CCCC[C@@]3([H])C(=O)O2)OC)CC[C@@H](OCCO)[C@@H](C1)OC
617, AMLODIPINE , 27.3 ,CCOC(=O)C1=C(COCCN)NC(C)=C(C1C1=CC=CC=C1Cl)C(=O)OC
618, FELODIPINE , 48 ,CCOC(=O)C1=C(C)NC(C)=C(C1C1=C(Cl)C(Cl)=CC=C1)C(=O)OC
619, LEVOCETIRIZINE , 2.4 ,OC(=O)COCCN1CCN(CC1)[C@H](C1=CC=CC=C1)C1=CC=C(Cl)C=C1
620, BISOPROLOL , 14.4 ,CC(C)NCC(O)COC1=CC=C(COCCOC(C)C)C=C1
621, ONDANSETRON , 24.7 ,CN1C2=C(C3=CC=CC=C13)C(=O)C(CN1C=CN=C1C)CC2
622, LOMEFLOXACIN , 8.7 ,CCN1C=C(C(O)=O)C(=O)C2=CC(F)=C(N3CCNC(C)C3)C(F)=C12
623, CARVEDILOL , 36 ,COC1=CC=CC=C1OCCNCC(O)COC1=CC=CC2=C1C1=CC=CC=C1N2
624, BICALUTAMIDE , 0.32 ,CC(O)(CS(=O)(=O)C1=CC=C(F)C=C1)C(=O)NC1=CC(=C(C=C1)C#N)C(F)(F)F
625, DONEPEZIL , 8.4 ,COC1=C(OC)C=C2C(=O)C(CC3CCN(CC4=CC=CC=C4)CC3)CC2=C1
626, GREPAFLOXACIN , 15 ,CC1CN(CCN1)C1=C(F)C(C)=C2C(=O)C(=CN(C3CC3)C2=C1)C(O)=O
627, THALIDOMIDE , 8 ,O=C1N(C2CCC(=O)NC2=O)C(=O)C2=CC=CC=C12
628, EPINASTINE , 56 ,NC1=NCC2N1C1=CC=CC=C1CC1=CC=CC=C21
629, ILOPROST , 62 ,[H][C@]12C[C@@H](O)[C@H](\C=C\[C@@H](O)C(C)CC#CC)[C@@]1([H])C\C(C2)=C\CCCC(O)=O
630, PALIPERIDONE , 10.8 ,CC1=C(CCN2CCC(CC2)C2=NOC3=C2C=CC(F)=C3)C(=O)N2CCCC(O)C2=N1
631, PRIMAQUINE , 37.6 ,COC1=CC(NC(C)CCCN)=C2N=CC=CC2=C1
632, PRIMAQUINE , 37.6 ,COC1=CC(NC(C)CCCN)=C2N=CC=CC2=C1
633, TERBUTALINE , 18 ,CC(C)(C)NCC(O)C1=CC(O)=CC(O)=C1
634, TERBUTALINE , 18 ,CC(C)(C)NCC(O)C1=CC(O)=CC(O)=C1
635, DESMOPRESSIN , 5.46 ,NC(=O)CC[C@@H]1NC(=O)[C@H](CC2=CC=CC=C2)NC(=O)[C@H](CC2=CC=C(O)C=C2)NC(=O)CCSSC[C@H](NC(=O)[C@H](CC(N)=O)NC1=O)C(=O)N1CCC[C@H]1C(=O)N[C@H](CCCNC(N)=N)C(=O)NCC(N)=O
636, MORPHINE , 97.5 ,[H][C@@]12OC3=C(O)C=CC4=C3[C@@]11CCN(C)[C@]([H])(C4)[C@]1([H])C=C[C@@H]2O
637, NICOTINE , 72 ,CN1CCC[C@H]1C1=CN=CC=C1
638, SUFENTANIL , 58.5 ,CCC(=O)N(C1=CC=CC=C1)C1(COC)CCN(CCC2=CC=CS2)CC1
639, PENTAMIDINE , 248 ,NC(=N)C1=CC=C(OCCCCCOC2=CC=C(C=C2)C(N)=N)C=C1
640, MILRINONE , 8.4 ,CC1=C(C=C(C#N)C(=O)N1)C1=CC=NC=C1
641, PIPECURONIUM , 7.8 ,[H][C@@]12C[C@@H]([C@H](OC(C)=O)[C@@]1(C)CC[C@@]1([H])[C@@]2([H])CC[C@@]2([H])C[C@H](OC(C)=O)[C@H](C[C@]12C)N1CC[N+](C)(C)CC1)N1CC[N+](C)(C)CC1
642, OCTREOTIDE , 8.5 ,[H][C@]1(NC(=O)[C@H](CCCCN)NC(=O)[C@@H](CC2=CNC3=C2C=CC=C3)NC(=O)[C@H](CC2=CC=CC=C2)NC(=O)[C@H](CSSC[C@H](NC1=O)C(=O)N[C@H](CO)[C@@H](C)O)NC(=O)[C@H](N)CC1=CC=CC=C1)[C@@H](C)O
643, DOXAZOSIN , 6.24 ,COC1=C(OC)C=C2C(N)=NC(=NC2=C1)N1CCN(CC1)C(=O)C1COC2=CC=CC=C2O1
644, DOXAZOSIN , 6.24 ,COC1=C(OC)C=C2C(N)=NC(=NC2=C1)N1CCN(CC1)C(=O)C1COC2=CC=CC=C2O1
645, GOSERELIN , 9.78 ,CC(C)C[C@H](NC(=O)[C@@H](COC(C)(C)C)NC(=O)[C@H](CC1=CC=C(O)C=C1)NC(=O)[C@H](CO)NC(=O)[C@H](CC1=CNC2=CC=CC=C12)NC(=O)[C@H](CC1=CN=CN1)NC(=O)[C@@H]1CCC(=O)N1)C(=O)N[C@@H](CCCN=C(N)N)C(=O)N1CCC[C@H]1C(=O)NNC(N)=O
646, SUMATRIPTAN , 71.6 ,CNS(=O)(=O)CC1=CC=C2NC=C(CCN(C)C)C2=C1
647, ROCURONIUM , 16.2 ,[H][C@@]12C[C@@H]([C@H](OC(C)=O)[C@@]1(C)CC[C@@]1([H])[C@@]2([H])CC[C@@]2([H])C[C@H](O)[C@H](C[C@]12C)N1CCOCC1)[N+]1(CC=C)CCCC1
648, CYSTEAMINE , 72 ,NCCS
649, IBUTILIDE , 110 ,CCCCCCCN(CC)CCCC(O)C1=CC=C(NS(C)(=O)=O)C=C1
650, IBUTILIDE , 110 ,CCCCCCCN(CC)CCCC(O)C1=CC=C(NS(C)(=O)=O)C=C1
651, TOREMIFENE , 5 ,CN(C)CCOC1=CC=C(C=C1)C(=C(\CCCl)C1=CC=CC=C1)\C1=CC=CC=C1
652, ROPIVACAINE , 23 ,CCCN1CCCC[C@H]1C(=O)NC1=C(C)C=CC=C1C
653, SAQUINAVIR , 74.1 ,[H][C@@]12CCCC[C@]1([H])CN(C[C@@H](O)[C@H](CC1=CC=CC=C1)NC(=O)[C@H](CC(N)=O)NC(=O)C1=NC3=C(C=CC=C3)C=C1)[C@@H](C2)C(=O)NC(C)(C)C
654, QUETIAPINE , 75 ,OCCOCCN1CCN(CC1)C1=NC2=CC=CC=C2SC2=CC=CC=C12
655, PRAMIPEXOLE , 43.3 ,CCCN[C@H]1CCC2=C(C1)SC(N)=N2
656, INDINAVIR , 70.2 ,CC(C)(C)NC(=O)[C@@H]1CN(CC2=CN=CC=C2)CCN1C[C@@H](O)C[C@@H](CC1=CC=CC=C1)C(=O)N[C@@H]1[C@H](O)CC2=CC=CC=C12
657, EPROSARTAN , 48.5 ,CCCCC1=NC=C(\C=C(/CC2=CC=CS2)C(O)=O)N1CC1=CC=C(C=C1)C(O)=O
658, TROVAFLOXACIN , 5.4 ,[H][C@@]12CN(C[C@]1([H])[C@H]2N)C1=NC2=C(C=C1F)C(=O)C(=CN2C1=C(F)C=C(F)C=C1)C(O)=O
659, NELFINAVIR , 47.6 ,[H][C@@]12CCCC[C@]1([H])CN(C[C@@H](O)[C@H](CSC1=CC=CC=C1)NC(=O)C1=C(C)C(O)=CC=C1)[C@@H](C2)C(=O)NC(C)(C)C
660, CITALOPRAM , 19.8 ,CN(C)CCCC1(OCC2=C1C=CC(=C2)C#N)C1=CC=C(F)C=C1
661, ESCITALOPRAM , 36 ,CN(C)CCC[C@]1(OCC2=C1C=CC(=C2)C#N)C1=CC=C(F)C=C1
662, RIZATRIPTAN , 34.6 ,CN(C)CCC1=CNC2=C1C=C(CN1C=NC=N1)C=C2
663, SILDENAFIL , 18 ,CCCC1=NN(C)C2=C1N=C(NC2=O)C1=CC(=CC=C1OCC)S(=O)(=O)N1CCN(C)CC1
664, ABACAVIR , 52 ,NC1=NC2=C(N=CN2[C@@H]2C[C@H](CO)C=C2)C(NC2CC2)=N1
665, RAPACURONIUM , 25.3 ,[H][C@@]12C[C@@H]([C@H](OC(=O)CC)[C@@]1(C)CC[C@@]1([H])[C@@]2([H])CC[C@@]2([H])C[C@H](OC(C)=O)[C@H](C[C@]12C)N1CCCCC1)[N+]1(CC=C)CCCCC1
666, ALMOTRIPTAN , 37.6 ,CN(C)CCC1=CNC2=C1C=C(CS(=O)(=O)N1CCCC1)C=C2
667, FROVATRIPTAN , 10.5 ,CN[C@@H]1CCC2=C(C1)C1=C(N2)C=CC(=C1)C(N)=O
668, ROSIGLITAZONE , 3.03 ,CN(CCOC1=CC=C(CC2SC(=O)NC2=O)C=C1)C1=CC=CC=N1
669, ROSIGLITAZONE , 3.03 ,CN(CCOC1=CC=C(CC2SC(=O)NC2=O)C=C1)C1=CC=CC=N1
670, GALANTAMINE , 18 ,[H][C@]12C[C@@H](O)C=C[C@]11CCN(C)CC3=C1C(O2)=C(OC)C=C3
671, CASPOFUNGIN , 0.72 ,CCC(C)CC(C)CCCCCCCCC(=O)N[C@H]1C[C@@H](O)[C@@H](NCCN)NC(=O)[C@@H]2[C@@H](O)CCN2C(=O)[C@@H](NC(=O)[C@@H](NC(=O)[C@@H]2C[C@@H](O)CN2C(=O)[C@@H](NC1=O)[C@@H](C)O)[C@H](O)[C@@H](O)C1=CC=C(O)C=C1)[C@H](O)CCN
672, IMATINIB , 11 ,CN1CCN(CC2=CC=C(C=C2)C(=O)NC2=CC(NC3=NC=CC(=N3)C3=CN=CC=C3)=C(C)C=C2)CC1
673, TIOTROPIUM , 52.8 ,[H][C@]12O[C@@]1([H])[C@]1([H])C[C@@]([H])(C[C@@]2([H])[N+]1(C)C)OC(=O)C(O)(C1=CC=CS1)C1=CC=CS1
674, PEMETREXED , 5.5 ,NC1=NC(=O)C2=C(NC=C2CCC2=CC=C(C=C2)C(=O)N[C@@H](CCC(O)=O)C(O)=O)N1
675, DARIFENACIN , 40 ,NC(=O)C([C@@H]1CCN(CCC2=CC3=C(OCC3)C=C2)C1)(C1=CC=CC=C1)C1=CC=CC=C1
676, SOLIFENACIN , 7.3 ,O=C(O[C@H]1CN2CCC1CC2)N1CCC2=CC=CC=C2[C@@H]1C1=CC=CC=C1
677, RASAGILINE , 20 ,C#CCN[C@@H]1CCC2=CC=CC=C12
678, SUNITINIB , 48 ,CCN(CC)CCNC(=O)C1=C(C)NC(\C=C2/C(=O)NC3=C2C=C(F)C=C3)=C1C
679, DARUNAVIR , 19.3 ,[H][C@@]12CCO[C@]1([H])OC[C@@H]2OC(=O)N[C@@H](CC1=CC=CC=C1)[C@H](O)CN(CC(C)C)S(=O)(=O)C1=CC=C(N)C=C1
680, ALISKIREN , 9 ,COCCCOC1=C(OC)C=CC(C[C@@H](C[C@H](N)[C@@H](O)C[C@@H](C(C)C)C(=O)NCC(C)(C)C(N)=O)C(C)C)=C1
681, SITAGLIPTIN , 11 ,N[C@@H](CC(=O)N1CCN2C(C1)=NN=C2C(F)(F)F)CC1=CC(F)=C(F)C=C1F
682, COLISTIN , 13.7 ,CCC(C)CCCC(=O)N[C@@H](CCN)C(=O)N[C@@H]([C@@H](C)O)C(=O)N[C@@H](CCN)C(=O)N[C@H]1CCNC(=O)C(NC(=O)[C@@H](CCN)NC(=O)[C@H](CCN)NC(=O)[C@@H](CC(C)C)NC(=O)[C@@H](CC(C)C)NC(=O)[C@H](CCN)NC1=O)[C@@H](C)O
683, BLEOMYCIN , 5.2 ,[H][C@](C)(NC(=O)[C@@]([H])(NC(=O)C1=NC(=NC(N)=C1C)[C@H](CC(N)=O)NC[C@H](N)C(N)=O)[C@@]([H])(OC1OC(CO)C(O)C(O)C1OC1OC(CO)C(O)C(OC(N)=O)C1O)C1=CNC=N1)[C@@H](O)[C@H](C)C(=O)N[C@]([H])(C(=O)NCCC1=NC(=CS1)C1=NC(=CS1)C(=O)NCCC[S+](C)C)[C@@]([H])(C)O
684, TOBRAMYCIN , 6.24 ,NC[C@H]1O[C@H](O[C@@H]2[C@@H](N)C[C@@H](N)[C@H](O[C@H]3O[C@H](CO)[C@@H](O)[C@H](N)[C@H]3O)[C@H]2O)[C@H](N)C[C@@H]1O
685, MEZLOCILLIN , 8.1 ,[H][C@]12SC(C)(C)[C@@H](N1C(=O)[C@H]2NC(=O)[C@H](NC(=O)N1CCN(C1=O)S(C)(=O)=O)C1=CC=CC=C1)C(O)=O
686, CEFOTETAN , 1.8 ,[H][C@]12SCC(CSC3=NN=NN3C)=C(N1C(=O)[C@]2(NC(=O)C1SC(S1)=C(C(N)=O)C(O)=O)OC)C(O)=O
687, KANAMYCIN , 5.4 ,NC[C@H]1O[C@H](O[C@@H]2[C@@H](N)C[C@@H](N)[C@H](O[C@H]3O[C@H](CO)[C@@H](O)[C@H](N)[C@H]3O)[C@H]2O)[C@H](O)[C@@H](O)[C@@H]1O
688, DEXTROAMPHETAMINE , 37 ,C[C@H](N)CC1=CC=CC=C1
689, LEVOPROPOXYPHENE , 58.5 ,[H][C@](C)(CN(C)C)[C@@](CC1=CC=CC=C1)(OC(=O)CC)C1=CC=CC=C1
690, CEFADROXIL , 9.7 ,[H][C@]12SCC(C)=C(N1C(=O)[C@H]2NC(=O)[C@H](N)C1=CC=C(O)C=C1)C(O)=O
691, SULBACTAM , 19.8 ,[H][C@@]12CC(=O)N1[C@@]([H])(C(O)=O)C(C)(C)S2(=O)=O
692, GLYBURIDE , 3.2 ,COC1=C(C=C(Cl)C=C1)C(=O)NCCC1=CC=C(C=C1)S(=O)(=O)NC(=O)NC1CCCCC1
693, ESTRAMUSTINE PHOSPHATE , 3.6 ,[H][C@@]12CC[C@H](OP(O)(O)=O)[C@@]1(C)CC[C@]1([H])C3=C(CC[C@@]21[H])C=C(OC(=O)N(CCCl)CCCl)C=C3
694, DRONABINOL , 13 ,[H][C@@]12C=C(C)CC[C@@]1([H])C(C)(C)OC1=C2C(O)=CC(CCCCC)=C1
695, ENALAPRILAT , 6.2 ,[H][C@@](C)(N[C@@]([H])(CCC1=CC=CC=C1)C(O)=O)C(=O)N1CCC[C@@]1([H])C(O)=O
696, ACRIVASTINE , 11.3 ,[H]\C(CN1CCCC1)=C(\C1=CC=C(C)C=C1)C1=CC=CC(=N1)C(\[H])=C(/[H])C(O)=O
697, HISTRELIN , 10.7 ,CC(O)=O.CC(O)=O.CCNC(=O)[C@@H]1CCCN1C(=O)[C@H](CCCNC(N)=N)NC(=O)[C@H](CC(C)C)NC(=O)[C@@H](CC1=CN(CC2=CC=CC=C2)C=N1)NC(=O)[C@H](CC1=CC=C(O)C=C1)NC(=O)[C@H](CO)NC(=O)[C@H](CC1=CNC2=C1C=CC=C2)NC(=O)[C@H](CC1=CNC=N1)NC(=O)[C@@H]1CCC(=O)N1
698, FLUTICASONE FUROATE , 58.7 ,[H][C@@]12C[C@@H](C)[C@](OC(=O)C3=CC=CO3)(C(=O)SCF)[C@@]1(C)C[C@H](O)[C@@]1(F)[C@@]2([H])C[C@H](F)C2=CC(=O)C=C[C@]12C
699, TRIMETREXATE , 3.9 ,COC1=CC(NCC2=C(C)C3=C(C=C2)N=C(N)N=C3N)=CC(OC)=C1OC
700, NALMEFENE , 52 ,[H][C@@]12OC3=C(O)C=CC4=C3[C@@]11CCN(CC3CC3)[C@]([H])(C4)[C@]1(O)CCC2=C
701, GANIRELIX , 3.3 ,CCNC(NCC)=NCCCC[C@@H](NC(=O)[C@H](CC1=CC=C(O)C=C1)NC(=O)[C@H](CO)NC(=O)[C@@H](CC1=CC=CN=C1)NC(=O)[C@@H](CC1=CC=C(Cl)C=C1)NC(=O)[C@@H](CC1=CC2=CC=CC=C2C=C1)NC(C)=O)C(=O)N[C@@H](CC(C)C)C(=O)N[C@@H](CCCCN=C(NCC)NCC)C(=O)N1CCC[C@H]1C(=O)N[C@H](C)C(N)=O
702, ZOLEDRONIC ACID , 8.5 ,OC(CN1C=CN=C1)(P(O)(O)=O)P(O)(O)=O
703, DEXMETHYLPHENIDATE , 33 ,[H][C@@](C(=O)OC)(C1=CC=CC=C1)[C@@]1([H])CCCCN1
704, ROTIGOTINE , 630 ,CCCN(CCC1=CC=CS1)[C@H]1CCC2=C(O)C=CC=C2C1
705, METHYLNALTREXONE , 6.1 ,C[N@+]1(CC2CC2)CC[C@]23[C@H]4OC5=C(O)C=CC(C[C@@H]1[C@]2(O)CCC4=O)=C35
706, DESVENLAFAXINE , 26 ,CN(C)CC(C1=CC=C(O)C=C1)C1(O)CCCCC1
707, DESVENLAFAXINE , 26 ,CN(C)CC(C1=CC=C(O)C=C1)C1(O)CCCCC1
708, LANREOTIDE , 23.7 ,[H]N([H])CCCCC1N([H])C(=O)C(CC2=CN([H])C3=CC=CC=C23)N([H])C(=O)C(CC2=CC=C(O)C=C2)N([H])C(=O)C(CSSCC(N([H])C(=O)C(N([H])C1=O)C(C)C)C(=O)N([H])C(C(C)O)C(=O)N([H])[H])N([H])C(=O)C(CC1=CC2=CC=CC=C2C=C1)N([H])[H]
709, AMBRISENTAN , 1.71 ,COC([C@H](OC1=NC(C)=CC(C)=N1)C(O)=O)(C1=CC=CC=C1)C1=CC=CC=C1
710, CLEVIDIPINE , 30.4 ,CCCC(=O)OCOC(=O)C1=C(C)NC(C)=C(C1C1=CC=CC(Cl)=C1Cl)C(=O)OC
711, BENDAMUSTINE , 42 ,CN1C(CCCC(O)=O)=NC2=CC(=CC=C12)N(CCCl)CCCl
712, PLERIXAFOR , 3.3 ,C(N1CCCNCCNCCCNCC1)C1=CC=C(CN2CCCNCCNCCCNCC2)C=C1
713, DEGARELIX , 9 ,CC(C)C[C@H](NC(=O)[C@@H](CC1=CC=C(NC(N)=O)C=C1)NC(=O)[C@H](CC1=CC=C(NC(=O)[C@@H]2CC(=O)NC(=O)N2)C=C1)NC(=O)[C@H](CO)NC(=O)[C@@H](CC1=CC=CN=C1)NC(=O)[C@@H](CC1=CC=C(Cl)C=C1)NC(=O)[C@@H](CC1=CC=C2C=CC=CC2=C1)NC(C)=O)C(=O)N[C@@H](CCCCNC(C)C)C(=O)N1CCC[C@H]1C(=O)N[C@H](C)C(N)=O
714, RUFINAMIDE , 4.3 ,NC(=O)C1=CN(CC2=C(F)C=CC=C2F)N=N1
715, FOSPROPOFOL , 18.2 ,CC(C)C1=CC=CC(C(C)C)=C1OCOP(O)(O)=O
716, LACOSAMIDE , 2 ,COC[C@@H](NC(C)=O)C(=O)NCC1=CC=CC=C1
717, TROGLITAZONE , 29.7 ,CC1=C(C)C2=C(CCC(C)(COC3=CC=C(CC4SC(=O)NC4=O)C=C3)O2)C(C)=C1O
718, METHYLPHENIDATE , 33 ,COC(=O)C(C1CCCCN1)C1=CC=CC=C1
719, METHYLPHENIDATE , 33 ,COC(=O)C(C1CCCCN1)C1=CC=CC=C1
720, ILOPERIDONE , 74.5 ,COC1=C(OCCCN2CCC(CC2)C2=NOC3=C2C=CC(F)=C3)C=CC(=C1)C(C)=O
721, TOLVAPTAN , 15.6 ,CC1=CC=CC=C1C(=O)NC1=CC(C)=C(C=C1)C(=O)N1CCC[C@@H](O)C2=C1C=CC(Cl)=C2
722, PITAVASTATIN , 8.5 ,O[C@H](C[C@H](O)\C=C\C1=C(N=C2C=CC=CC2=C1C1=CC=C(F)C=C1)C1CC1)CC(O)=O
723, SAXAGLIPTIN , 13.8 ,[H][C@@]12C[C@]1([H])N([C@@H](C2)C#N)C(=O)[C@@H](N)C12CC3CC(CC(O)(C3)C1)C2
724, ASENAPINE , 52 ,OC(=O)\C=C/C(O)=O.CN1CC2C(C1)C1=C(OC3=CC=CC=C23)C=CC(Cl)=C1
725, VIGABATRIN , 6.6 ,NC(CCC(O)=O)C=C
726, TELAVANCIN , 0.9 ,CCCCCCCCCCNCCN[C@@]1(C)C[C@H](O[C@@H]2[C@@H](O)[C@H](O)[C@@H](CO)O[C@H]2OC2=C3OC4=CC=C(C=C4Cl)[C@@H](O)[C@@H](NC(=O)[C@@H](CC(C)C)NC)C(=O)N[C@@H](CC(N)=O)C(=O)N[C@@H]4C(C=C2OC2=C(Cl)C=C(C=C2)[C@@H](O)[C@@H]2NC(=O)[C@H](NC4=O)C4=CC(=C(O)C=C4)C4=C(O)C(CNCP(O)(O)=O)=C(O)C=C4[C@H](NC2=O)C(O)=O)=C3)O[C@@H](C)[C@H]1O
727, PRALATREXATE , 11.46 ,NC1=NC2=NC=C(CC(CC#C)C3=CC=C(C=C3)C(=O)N[C@@H](CCC(O)=O)C(O)=O)N=C2C(N)=N1
728, ROMIDEPSIN , 28.8 ,C\C=C1/NC(=O)[C@H]2CSSCC\C=C\[C@H](CC(=O)N[C@H](C(C)C)C(=O)N2)OC(=O)[C@@H](NC1=O)C(C)C
729, DALFAMPRIDINE , 20 ,NC1=CC=NC=C1
730, CARGLUMIC ACID , 342 ,NC(=O)N[C@@H](CCC(O)=O)C(O)=O
731, ABIRATERONE , 1.1 ,[H][C@@]12CC=C(C3=CC=CN=C3)[C@@]1(C)CC[C@@]1([H])[C@@]2([H])CC=C2C[C@@H](O)CC[C@]12C
732, TENOFOVIR , 3.4 ,C[C@H](CN1C=NC2=C1N=CN=C2N)OCP(O)(O)=O
733, TOLVAPTAN , 15.6 ,CC1=CC=CC=C1C(=O)NC1=CC(C)=C(C=C1)C(=O)N1CCC[C@@H](O)C2=C1C=CC(Cl)=C2
734, VIGABATRIN , 6.6 ,NC(CCC(O)=O)C=C
735, PRALATREXATE , 25.02 ,NC1=NC2=NC=C(CC(CC#C)C3=CC=C(C=C3)C(=O)N[C@@H](CCC(O)=O)C(O)=O)N=C2C(N)=N1
736, DIENOGEST , 2.9 ,[H][C@@]12CC[C@@](O)(CC#N)[C@@]1(C)CCC1=C3CCC(=O)C=C3CC[C@@]21[H]
737, LURASIDONE , 234 ,[H][C@@]12[C@H]3CC[C@H](C3)[C@]1([H])C(=O)N(C[C@@H]1CCCC[C@H]1CN1CCN(CC1)C1=NSC3=CC=CC=C13)C2=O
738, CABAZITAXEL , 48.5 ,[H][C@]12[C@H](OC(=O)C3=CC=CC=C3)[C@]3(O)C[C@H](OC(=O)[C@H](O)[C@@H](NC(=O)OC(C)(C)C)C4=CC=CC=C4)C(C)=C([C@@H](OC)C(=O)[C@]1(C)[C@H](C[C@H]1OC[C@@]21OC(C)=O)OC)C3(C)C
739, ERIBULIN , 3.1 ,[H][C@@]12CC(=C)[C@]([H])(CC[C@@]3([H])C[C@@H](C)C(=C)[C@@]([H])(C[C@]4([H])O[C@H](C[C@H](O)CN)[C@H](OC)[C@@]4([H])CC(=O)C[C@@]4([H])CC[C@]5([H])O[C@@]6([H])[C@H]7O[C@@]8(C[C@]7([H])O[C@@]6([H])[C@@]([H])(O8)[C@@]5([H])O4)CC1)O3)O2
740, EZOGABINE , 32.5 ,CCOC(=O)NC1=C(N)C=C(NCC2=CC=C(F)C=C2)C=C1
741, VANDETANIB , 13.2 ,COC1=C(OCC2CCN(C)CC2)C=C2N=CN=C(NC3=C(F)C=C(Br)C=C3)C2=C1
742, ROFLUMILAST , 9.6 ,FC(F)OC1=C(OCC2CC2)C=C(C=C1)C(=O)NC1=C(Cl)C=NC=C1Cl
743, LINAGLIPTIN , 76 ,CC#CCN1C(=NC2=C1C(=O)N(CC1=NC3=C(C=CC=C3)C(C)=N1)C(=O)N2C)N1CCC[C@@H](N)C1
744, TELAPREVIR , 32.4 ,[H][C@@]12CCC[C@]1([H])[C@H](N(C2)C(=O)[C@@H](NC(=O)[C@@H](NC(=O)C1=NC=CN=C1)C1CCCCC1)C(C)(C)C)C(=O)N[C@@H](CCC)C(=O)C(=O)NC1CC1
745, BOCEPREVIR , 161 ,[H][C@]12CN([C@H](C(=O)NC(CC3CCC3)C(=O)C(N)=O)[C@@]1([H])C2(C)C)C(=O)[C@@H](NC(=O)NC(C)(C)C)C(C)(C)C
746, BOCEPREVIR , 161 ,[H][C@]12CN([C@H](C(=O)NC(CC3CCC3)C(=O)C(N)=O)[C@@]1([H])C2(C)C)C(=O)[C@@H](NC(=O)NC(C)(C)C)C(C)(C)C
747, DEFERIPRONE , 37.9 ,CN1C=CC(=O)C(O)=C1C
748, ICATIBANT , 14.7 ,[H][C@]12C[C@]([H])(N(C(=O)[C@@]3([H])CC4=C(CN3C(=O)[C@H](CO)NC(=O)[C@H](CC3=CC=CS3)NC(=O)CNC(=O)[C@]3([H])C[C@@H](O)CN3C(=O)[C@@H]3CCCN3C(=O)[C@H](CCCNC(N)=N)NC(=O)[C@H](N)CCCNC(N)=N)C=CC=C4)[C@@]1([H])CCCC2)C(=O)N[C@@H](CCCNC(N)=N)C(O)=O
749, INDACATEROL , 21.05 ,CCC1=C(CC)C=C2CC(CC2=C1)NC[C@H](O)C1=C2C=CC(=O)NC2=C(O)C=C1
750, RIVAROXABAN , 10 ,ClC1=CC=C(S1)C(=O)NC[C@H]1CN(C(=O)O1)C1=CC=C(C=C1)N1CCOCC1=O
751, TICAGRELOR , 8.7 ,CCCSC1=NC2=C(N=NN2[C@@H]2C[C@H](OCCO)[C@@H](O)[C@H]2O)C(N[C@@H]2C[C@H]2C2=CC(F)=C(F)C=C2)=N1
752, CLOBAZAM , 1.7 ,CN1C2=C(C=C(Cl)C=C2)N(C2=CC=CC=C2)C(=O)CC1=O
753, RUXOLITINIB , 19.9 ,N#CC[C@H](C1CCCC1)N1C=C(C=N1)C1=C2C=CNC2=NC=N1
754, AXITINIB , 38 ,CNC(=O)C1=C(SC2=CC=C3C(NN=C3\C=C\C3=CC=CC=N3)=C2)C=CC=C1
755, VEMURAFENIB , 1.3 ,CCCS(=O)(=O)NC1=C(F)C(C(=O)C2=CNC3=NC=C(C=C23)C2=CC=C(Cl)C=C2)=C(F)C=C1
756, CRIZOTINIB , 60 ,C[C@@H](OC1=CC(=CN=C1N)C1=CN(N=C1)C1CCNCC1)C1=C(Cl)C=CC(F)=C1Cl
757, IVACAFTOR , 17.3 ,CC(C)(C)C1=CC(=C(O)C=C1NC(=O)C1=CNC2=CC=CC=C2C1=O)C(C)(C)C
758, VISMODEGIB , 0.15 ,CS(=O)(=O)C1=CC(Cl)=C(C=C1)C(=O)NC1=CC=C(Cl)C(=C1)C1=CC=CC=N1
759, DABIGATRAN , 2.8 ,CN1C(CNC2=CC=C(C=C2)C(N)=N)=NC2=C1C=CC(=C2)C(=O)N(CCC(O)=O)C1=NC=CC=C1
760, TROGLITAZONE , 29.7 ,CC1=C(C)C2=C(CCC(C)(COC3=CC=C(CC4SC(=O)NC4=O)C=C3)O2)C(C)=C1O
761, TROGLITAZONE , 29.7 ,CC1=C(C)C2=C(CCC(C)(COC3=CC=C(CC4SC(=O)NC4=O)C=C3)O2)C(C)=C1O
762, CLEVIDIPINE , 30.5 ,CCCC(=O)OCOC(=O)C1=C(C)NC(C)=C(C1C1=CC=CC(Cl)=C1Cl)C(=O)OC
763, CEFDITOREN , 4.5 ,[H][C@]12SCC(\C=C/C3=C(C)N=CS3)=C(N1C(=O)[C@H]2NC(=O)C(=N/OC)\C1=CSC(N)=N1)C(O)=O
764, CANDESARTAN , 1.4 ,CCOC1=NC2=CC=CC(C(O)=O)=C2N1CC1=CC=C(C=C1)C1=CC=CC=C1C1=NN=NN1
765, APIXABAN , 2.9 ,COC1=CC=C(C=C1)N1N=C(C(N)=O)C2=C1C(=O)N(CC2)C1=CC=C(C=C1)N1CCCCC1=O
766, LOMITAPIDE , 19.8 ,FC(F)(F)CNC(=O)C1(CCCCN2CCC(CC2)NC(=O)C2=C(C=CC=C2)C2=CC=C(C=C2)C(F)(F)F)C2=CC=CC=C2C2=CC=CC=C12
767, ICOSAPENT , 0.68 ,CC\C=C/C\C=C/C\C=C/C\C=C/C\C=C/CCCC(O)=O
768, CABOZANTINIB , 4.4 ,COC1=CC2=C(C=C1OC)C(OC1=CC=C(NC(=O)C3(CC3)C(=O)NC3=CC=C(F)C=C3)C=C1)=CC=N2
769, PASIREOTIDE , 7.6 ,NCCCC[C@@H]1NC(=O)[C@@H](CC2=CNC3=C2C=CC=C3)NC(=O)[C@@H](NC(=O)[C@@H]2C[C@H](CN2C(=O)[C@H](CC2=CC=CC=C2)NC(=O)[C@H](CC2=CC=C(OCC3=CC=CC=C3)C=C2)NC1=O)OC(=O)NCCN)C1=CC=CC=C1
770, TERIFLUNOMIDE , 0.0305 ,C\C(O)=C(/C#N)C(=O)NC1=CC=C(C=C1)C(F)(F)F
771, PERAMPANEL , 0.72 ,O=C1N(C=C(C=C1C1=CC=CC=C1C#N)C1=NC=CC=C1)C1=CC=CC=C1
772, CARFILZOMIB , 207 ,CC(C)C[C@H](NC(=O)[C@H](CCC1=CC=CC=C1)NC(=O)CN1CCOCC1)C(=O)N[C@@H](CC1=CC=CC=C1)C(=O)N[C@@H](CC(C)C)C(=O)[C@@]1(C)CO1
773, MIRABEGRON , 57 ,NC1=NC(CC(=O)NC2=CC=C(CCNC[C@H](O)C3=CC=CC=C3)C=C2)=CS1
774, ACLIDINIUM , 170 ,OC(C(=O)O[C@H]1C[N+]2(CCCOC3=CC=CC=C3)CCC1CC2)(C1=CC=CS1)C1=CC=CS1
775, TOFACITINIB , 20 ,[H][C@@]1(C)CCN(C[C@]1([H])N(C)C1=NC=NC2=C1C=CN2)C(=O)CC#N
776, ENZALUTAMIDE , 0.56 ,CNC(=O)C1=C(F)C=C(C=C1)N1C(=S)N(C(=O)C1(C)C)C1=CC=C(C#N)C(=C1)C(F)(F)F
777, BOSUTINIB , 189 ,COC1=CC(NC2=C(C=NC3=CC(OCCCN4CCN(C)CC4)=C(OC)C=C23)C#N)=C(Cl)C=C1Cl
778, PONATINIB , 35.3 ,CN1CCN(CC2=CC=C(NC(=O)C3=CC(C#CC4=CN=C5C=CC=NN45)=C(C)C=C3)C=C2C(F)(F)F)CC1
779, OMACETAXINE MEPESUCCINATE , 16.3 ,[H][C@@]1(OC(=O)[C@@](O)(CCCC(C)(C)O)CC(=O)OC)C(OC)=C[C@]23CCCN2CCC2=CC4=C(OCO4)C=C2[C@]13[H]
780, BEDAQUILINE , 0.03 ,COC1=NC2=C(C=C(Br)C=C2)C=C1[C@@H](C1=CC=CC=C1)[C@@](O)(CCN(C)C)C1=CC=CC2=C1C=CC=C2
781, POMALIDOMIDE , 8 ,NC1=CC=CC2=C1C(=O)N(C1CCC(=O)NC1=O)C2=O
782, OSPEMIFENE , 9.16 ,OCCOC1=CC=C(C=C1)C(=C(\CCCl)C1=CC=CC=C1)\C1=CC=CC=C1
783, DABRAFENIB , 25.7 ,CC(C)(C)C1=NC(=C(S1)C1=NC(N)=NC=C1)C1=C(F)C(NS(=O)(=O)C2=C(F)C=CC=C2F)=CC=C1
784, POMALIDOMIDE , 8 ,NC1=CC=CC2=C1C(=O)N(C1CCC(=O)NC1=O)C2=O
785, TRAMETINIB , 4.9 ,CN1C(=O)C(C)=C2N(C(=O)N(C3CC3)C(=O)C2=C1NC1=CC=C(I)C=C1F)C1=CC(NC(C)=O)=CC=C1
786, ALOGLIPTIN , 14 ,CN1C(=O)C=C(N2CCC[C@@H](N)C2)N(CC2=C(C=CC=C2)C#N)C1=O
787, CANAGLIFLOZIN , 11.5 ,[H][C@]1(O[C@H](CO)[C@@H](O)[C@H](O)[C@H]1O)C1=CC=C(C)C(CC2=CC=C(S2)C2=CC=C(F)C=C2)=C1
788, VILANTEROL , 5.3 ,OCC1=C(O)C=CC(=C1)[C@@H](O)CNCCCCCCOCCOCC1=C(Cl)C=CC=C1Cl
789, NEOSTIGMINE , 34 ,CN(C)C(=O)OC1=CC(=CC=C1)[N+](C)(C)C
790, RIOCIGUAT , 2.6 ,COC(=O)N(C)C1=C(N)N=C(N=C1N)C1=NN(CC2=C(F)C=CC=C2)C2=C1C=CC=N2
791, MACITENTAN , 2.1 ,CCCNS(=O)(=O)NC1=C(C(OCCOC2=NC=C(Br)C=N2)=NC=N1)C1=CC=C(Br)C=C1
792, VORTIOXETINE , 27.3 ,CC1=CC=C(SC2=CC=CC=C2N2CCNCC2)C(C)=C1
793, LEVOMILNACIPRAN , 25 ,CCN(CC)C(=O)[C@]1(C[C@H]1CN)C1=CC=CC=C1
794, ESLICARBAZEPINE , 2.4 ,NC(=O)N1C2=C(C[C@H](O)C3=C1C=CC=C3)C=CC=C2
795, DOLUTEGRAVIR , 1 ,[H][C@]12CN3C=C(C(=O)NCC4=CC=C(F)C=C4F)C(=O)C(O)=C3C(=O)N1[C@H](C)CCO2
796, IBRUTINIB , 1000 ,NC1=NC=NC2=C1C(=NN2[C@@H]1CCCN(C1)C(=O)C=C)C1=CC=C(OC2=CC=CC=C2)C=C1
797, MONOMETHYL FUMARATE , 43.6 ,COC(=O)\C=C\C(O)=O
798, UMECLIDINIUM , 5.4 ,OC(C1=CC=CC=C1)(C1=CC=CC=C1)C12CC[N+](CCOCC3=CC=CC=C3)(CC1)CC2
799, BAZEDOXIFENE , 24 ,CC1=C(N(CC2=CC=C(OCCN3CCCCCC3)C=C2)C2=C1C=C(O)C=C2)C1=CC=C(O)C=C1
800, POLIDOCANOL , 18 ,CCCCCCCCCCCCOCCOCCOCCOCCOCCOCCOCCOCCOCCO
801, CEFPROZIL , 11.7 ,[H][C@]12SCC(C=CC)=C(N1C(=O)[C@@]2([H])NC(=O)[C@H](N)C1=CC=C(O)C=C1)C(O)=O
802, CEFAMANDOLE , 14 ,[H][C@]12SCC(CSC3=NN=NN3C)=C(N1C(=O)[C@H]2NC(=O)[C@H](O)C1=CC=CC=C1)C(O)=O
803, ADEFOVIR , 14.4 ,NC1=C2N=CN(CCOCP(O)(O)=O)C2=NC=N1
804, OLMESARTAN , 1.3 ,CCCC1=NC(=C(N1CC1=CC=C(C=C1)C1=C(C=CC=C1)C1=NN=NN1)C(O)=O)C(C)(C)O
805, TRANDOLAPRILAT , 7 ,[H][C@@](C)(N[C@@]([H])(CCC1=CC=CC=C1)C(O)=O)C(=O)N1[C@@]([H])(C[C@@]2([H])CCCC[C@]12[H])C(O)=O
806, NISOLDIPINE , 58.5 ,COC(=O)C1=C(C)NC(C)=C(C1C1=CC=CC=C1[N+]([O-])=O)C(=O)OCC(C)C
807, MOEXIPRILAT , 13.9 ,COC1=C(OC)C=C2CN([C@@H](CC2=C1)C(O)=O)C(=O)[C@H](C)N[C@@H](CCC1=CC=CC=C1)C(O)=O
808, TRAMADOL , 23 ,COC1=CC=CC(=C1)[C@@]1(O)CCCC[C@@H]1CN(C)C
809, TRAMADOL , 23 ,COC1=CC=CC(=C1)[C@@]1(O)CCCC[C@@H]1CN(C)C
810, TRAMADOL , 23 ,COC1=CC=CC(=C1)[C@@]1(O)CCCC[C@@H]1CN(C)C
811, PERINDOPRILAT , 6.6 ,[H][C@]12C[C@H](N(C(=O)[C@H](C)N[C@@H](CCC)C(O)=O)[C@@]1([H])CCCC2)C(O)=O
812, FLUDARABINE , 12.4 ,NC1=NC(F)=NC2=C1N=CN2[C@@H]1O[C@H](CO)[C@@H](O)[C@@H]1O
813, FOSINOPRILAT , 1.95 ,[H][C@]1(C[C@H](N(C1)C(=O)CP(O)(=O)CCCCC1=CC=CC=C1)C(O)=O)C1CCCCC1
814, QUINAPRILAT , 3.6 ,C[C@H](N[C@@H](CCC1=CC=CC=C1)C(O)=O)C(=O)N1CC2=C(C[C@H]1C(O)=O)C=CC=C2
815, BENAZEPRILAT , 3 ,[H][C@@]1(CCC2=CC=CC=C2N(CC(O)=O)C1=O)N[C@@H](CCC1=CC=CC=C1)C(O)=O
816, LABETALOL , 128 ,CC(CCC1=CC=CC=C1)NCC(O)C1=CC(C(N)=O)=C(O)C=C1
817, LABETALOL , 128 ,CC(CCC1=CC=CC=C1)NCC(O)C1=CC(C(N)=O)=C(O)C=C1
818, LABETALOL , 128 ,CC(CCC1=CC=CC=C1)NCC(O)C1=CC(C(N)=O)=C(O)C=C1
819, VORAPAXAR , 1.5 ,[H][C@@]12C[C@]3([H])C[C@@H](CC[C@@]3([H])[C@H](\C=C\C3=CC=C(C=N3)C3=CC(F)=CC=C3)[C@]1([H])[C@@H](C)OC2=O)NC(=O)OCC
820, ORITAVANCIN , 0.445 ,CN[C@H](CC(C)C)C(=O)N[C@@H]1[C@H](O)C2=CC=C(OC3=C(O[C@@H]4O[C@H](CO)[C@@H](O)[C@H](O)[C@H]4O[C@H]4C[C@](C)(NCC5=CC=C(C=C5)C5=CC=C(Cl)C=C5)[C@@H](O)[C@H](C)O4)C4=CC(=C3)[C@@H](NC(=O)[C@H](CC(N)=O)NC1=O)C(=O)N[C@@H]1C3=CC(=C(O)C=C3)C3=C(O)C=C(O)C=C3[C@H](NC(=O)[C@@H](NC1=O)[C@H](O[C@H]1C[C@](C)(N)[C@@H](O)[C@H](C)O1)C1=CC(Cl)=C(O4)C=C1)C(O)=O)C(Cl)=C2
821, APREMILAST , 10 ,CCOC1=CC(=CC=C1OC)[C@@H](CS(C)(=O)=O)N1C(=O)C2=CC=CC(NC(C)=O)=C2C1=O
822, TEDIZOLID , 5.9 ,CN1N=NC(=N1)C1=NC=C(C=C1)C1=C(F)C=C(C=C1)N1C[C@H](CO)OC1=O
823, EMPAGLIFLOZIN , 10.6 ,OC[C@H]1O[C@H]([C@H](O)[C@@H](O)[C@@H]1O)C1=CC=C(Cl)C(CC2=CC=C(O[C@H]3CCOC3)C=C2)=C1
824, SUVOREXANT , 2.8 ,[H][C@@]1(C)CCN(CCN1C(=O)C1=C(C=CC(C)=C1)N1N=CC=N1)C1=NC2=C(O1)C=CC(Cl)=C2
825, DROXIDOPA , 55.4 ,N[C@@H]([C@H](O)C1=CC(O)=C(O)C=C1)C(O)=O
826, PERAMIVIR , 0.43 ,[H][C@@]1([C@@H](NC(C)=O)C(CC)CC)[C@H](O)[C@H](C[C@H]1NC(N)=N)C(O)=O
827, CEFTOLOZANE , 5.4 ,CN1C(N)=C(NC(=O)NCCN)C=[N+]1CC1=C(N2[C@H](SC1)[C@H](NC(=O)C(=N/OC(C)(C)C(O)=O)\C1=NSC(N)=N1)C2=O)C([O-])=O
828, NETUPITANT , 20.3 ,CN(C(=O)C(C)(C)C1=CC(=CC(=C1)C(F)(F)F)C(F)(F)F)C1=CN=C(C=C1C1=CC=CC=C1C)N1CCN(C)CC1
829, NALOXEGOL , 126 ,COCCOCCOCCOCCOCCOCCOCCO[C@H]1CC[C@@]2(O)[C@H]3CC4=CC=C(O)C5=C4[C@@]2(CCN3CC=C)[C@H]1O5
830, ELIGLUSTAT , 88 ,CCCCCCCC(=O)N[C@H](CN1CCCC1)[C@H](O)C1=CC=C2OCCOC2=C1
831, BELINOSTAT , 74.4 ,ONC(=O)\C=C\C1=CC=CC(=C1)S(=O)(=O)NC1=CC=CC=C1
832, IDELALISIB , 14.9 ,[H][C@@](CC)(NC1=NC=NC2=C1N=CN2)C1=NC2=CC=CC(F)=C2C(=O)N1C1=CC=CC=C1
833, OMBITASVIR , 1.5 ,COC(=O)N[C@@H](C(C)C)C(=O)N1CCC[C@H]1C(=O)NC1=CC=C(C=C1)[C@@H]1CC[C@H](N1C1=CC=C(C=C1)C(C)(C)C)C1=CC=C(NC(=O)[C@@H]2CCCN2C(=O)[C@@H](NC(=O)OC)C(C)C)C=C1
834, PARITAPREVIR , 2.1 ,[H][C@@]12C[C@]1(NC(=O)[C@]1([H])C[C@H](CN1C(=O)[C@H](CCCCC\C=C/2)NC(=O)C1=CN=C(C)C=N1)OC1=NC2=C(C=CC=C2)C2=C1C=CC=C2)C(=O)NS(=O)(=O)C1CC1
835, DASABUVIR , 47.7 ,COC1=C(C=C(C=C1C1=CC2=CC=C(NS(C)(=O)=O)C=C2C=C1)N1C=CC(=O)NC1=O)C(C)(C)C
836, TASIMELTEON , 49.3 ,CCC(=O)NC[C@@H]1C[C@H]1C1=CC=CC2=C1CCO2
837, OLAPARIB , 8.6 ,FC1=CC=C(CC2=NNC(=O)C3=CC=CC=C23)C=C1C(=O)N1CCN(CC1)C(=O)C1CC1
838, CERITINIB , 33.2 ,CC(C)OC1=C(NC2=NC=C(Cl)C(N2)=NC2=CC=CC=C2S(=O)(=O)C(C)C)C=C(C)C(=C1)C1CCNCC1
839, PIRFENIDONE , 15 ,CC1=CN(C(=O)C=C1)C1=CC=CC=C1
840, NINTEDANIB , 83.4 ,COC(=O)C1=CC=C2C(NC(=O)\C2=C(/NC2=CC=C(C=C2)N(C)C(=O)CN2CCN(C)CC2)C2=CC=CC=C2)=C1
841, OLODATEROL , 52.3 ,COC1=CC=C(CC(C)(C)NC[C@H](O)C2=C3OCC(=O)NC3=CC(O)=C2)C=C1
842, EDOXABAN , 22 ,CN(C)C(=O)[C@H]1CC[C@H](NC(=O)C(=O)NC2=NC=C(Cl)C=C2)[C@@H](C1)NC(=O)C1=NC2=C(CN(C)CC2)S1
843, AVIBACTAM , 11.9 ,NC(=O)[C@@H]1CC[C@@H]2CN1C(=O)N2OS(O)(=O)=O
844, PANOBINOSTAT , 160 ,CC1=C(CCNCC2=CC=C(\C=C\C(=O)NO)C=C2)C2=CC=CC=C2N1
845, PALBOCICLIB , 63.1 ,CC(=O)C1=C(C)C2=CN=C(NC3=NC=C(C=C3)N3CCNCC3)N=C2N(C2CCCC2)C1=O
846, DOXEPIN , 540 ,[H]C(CCN(C)C)=C1C2=CC=CC=C2COC2=CC=CC=C12
847, THIOPENTAL , 32 ,CCCC(C)C1(CC)C(=O)NC(=S)NC1=O
848, METHYPRYLON , 0.77 ,CCC1(CC)C(=O)NCC(C)C1=O
849, CANGRELOR , 36 ,CSCCNC1=C2N=CN([C@@H]3O[C@H](COP(O)(=O)OP(O)(=O)C(Cl)(Cl)P(O)(O)=O)[C@@H](O)[C@H]3O)C2=NC(SCCC(F)(F)F)=N1
850, SONIDEGIB , 9.4 ,[H][C@]1(C)CN(C[C@@]([H])(C)O1)C1=CC=C(NC(=O)C2=CC=CC(=C2C)C2=CC=C(OC(F)(F)F)C=C2)C=N1
851, BREXPIPRAZOLE , 1.28 ,O=C1NC2=CC(OCCCCN3CCN(CC3)C3=C4C=CSC4=CC=C3)=CC=C2C=C1
852, LUMACAFTOR , 2.38 ,CC1=CC=C(NC(=O)C2(CC2)C2=CC=C3OC(F)(F)OC3=C2)N=C1C1=CC(=CC=C1)C(O)=O
853, IVABRADINE , 24 ,COC1=C(OC)C=C2[C@@H](CN(C)CCCN3CCC4=CC(OC)=C(OC)C=C4CC3=O)CC2=C1
854, DACLATASVIR , 4.2 ,COC(=O)N[C@@H](C(C)C)C(=O)N1CCC[C@H]1C1=NC=C(N1)C1=CC=C(C=C1)C1=CC=C(C=C1)C1=CN=C(N1)[C@@H]1CCCN1C(=O)[C@@H](NC(=O)OC)C(C)C
855, ISAVUCONAZOLE , 2.4 ,C[C@@H](C1=NC(=CS1)C1=CC=C(C=C1)C#N)[C@](O)(CN1C=NC=N1)C1=C(F)C=CC(F)=C1
856, SACUBITRIL , 51 ,CCOC(=O)[C@H](C)C[C@@H](CC1=CC=C(C=C1)C1=CC=CC=C1)NC(=O)CCC(O)=O
857, SUGAMMADEX , 5.2 ,O[C@@H]1[C@@H](O)[C@@H]2O[C@H]3O[C@H](CSCCC(O)=O)[C@@H](O[C@H]4O[C@H](CSCCC(O)=O)[C@@H](O[C@H]5O[C@H](CSCCC(O)=O)[C@@H](O[C@H]6O[C@H](CSCCC(O)=O)[C@@H](O[C@H]7O[C@H](CSCCC(O)=O)[C@@H](O[C@H]8O[C@H](CSCCC(O)=O)[C@@H](O[C@H]9O[C@H](CSCCC(O)=O)[C@@H](O[C@H]1O[C@@H]2CSCCC(O)=O)[C@H](O)[C@H]9O)[C@H](O)[C@H]8O)[C@H](O)[C@H]7O)[C@H](O)[C@H]6O)[C@H](O)[C@H]5O)[C@H](O)[C@H]4O)[C@H](O)[C@H]3O
858, COBIMETINIB , 13.8 ,OC1(CN(C1)C(=O)C1=C(NC2=C(F)C=C(I)C=C2)C(F)=C(F)C=C1)[C@@H]1CCCCN1
859, ROLAPITANT , 0.96 ,C[C@@H](OC[C@]1(CC[C@]2(CCC(=O)N2)CN1)C1=CC=CC=C1)C1=CC(=CC(=C1)C(F)(F)F)C(F)(F)F
860, SELEXIPAG , 35 ,CC(C)N(CCCCOCC(=O)NS(C)(=O)=O)C1=NC(C2=CC=CC=C2)=C(N=C1)C1=CC=CC=C1
861, TRABECTEDIN , 31.5 ,[H][C@@]12[C@@H]3SC[C@]4(NCCC5=C4C=C(OC)C(O)=C5)C(=O)OC[C@H](N1[C@@H](O)[C@@H]1CC4=CC(C)=C(OC)C(O)=C4[C@H]2N1C)C1=C2OCOC2=C(C)C(OC(C)=O)=C31
862, LESINURAD , 6 ,OC(=O)CSC1=NN=C(Br)N1C1=CC=C(C2CC2)C2=C1C=CC=C2
863, OSIMERTINIB , 14.2 ,COC1=C(NC2=NC=CC(=N2)C2=CN(C)C3=C2C=CC=C3)C=C(NC(=O)C=C)C(=C1)N(C)CCN(C)C
864, ALECTINIB , 81.9 ,CCC1=CC2=C(C=C1N1CCC(CC1)N1CCOCC1)C(C)(C)C1=C(C3=CC=C(C=C3N1)C#N)C2=O
865, IXAZOMIB , 1.9 ,CC(C)C[C@H](NC(=O)CNC(=O)C1=CC(Cl)=CC=C1Cl)B(O)O
866, RUCAPARIB , 47 ,CNCC1=CC=C(C=C1)C1=C2CCNC(=O)C3=C2C(N1)=CC(F)=C3
867, SAFINAMIDE , 4.6 ,C[C@H](NCC1=CC=C(OCC2=CC(F)=CC=C2)C=C1)C(N)=O
868, NERATINIB , 281 ,CCOC1=C(NC(=O)\C=C\CN(C)C)C=C2C(NC3=CC=C(OCC4=CC=CC=N4)C(Cl)=C3)=C(C=NC2=C1)C#N
869, ETELCALCETIDE , 7.66 ,C[C@@H](NC(=O)[C@@H](CCCNC(N)=N)NC(=O)[C@@H](CCCNC(N)=N)NC(=O)[C@@H](CCCNC(N)=N)NC(=O)[C@@H](C)NC(=O)[C@@H](CSSC[C@H](N)C(O)=O)NC(C)=O)C(=O)N[C@H](CCCNC(N)=N)C(N)=O
870, NIRAPARIB , 16.2 ,NC(=O)C1=CC=CC2=CN(N=C12)C1=CC=C(C=C1)[C@@H]1CCCNC1
871, DELAFLOXACIN , 14.1 ,NC1=NC(N2C=C(C(O)=O)C(=O)C3=CC(F)=C(N4CC(O)C4)C(Cl)=C23)=C(F)C=C1F
872, ENASIDENIB , 0.74 ,CC(C)(O)CNC1=NC(=NC(NC2=CC(=NC=C2)C(F)(F)F)=N1)C1=NC(=CC=C1)C(F)(F)F
873, BRIGATINIB , 12.7 ,COC1=CC(=CC=C1NC1=NC=C(Cl)C(NC2=CC=CC=C2P(C)(C)=O)=N1)N1CCC(CC1)N1CCN(C)CC1
874, TELOTRISTAT , 152 ,CC1=NN(C=C1)C1=CC(Cl)=CC=C1[C@@H](OC1=NC(N)=NC(=C1)C1=CC=C(C[C@H](N)C(O)=O)C=C1)C(F)(F)F
875, TELOTRISTAT ETHYL , 2.7 ,CCOC(=O)[C@@H](N)CC1=CC=C(C=C1)C1=NC(N)=NC(O[C@H](C2=CC=C(Cl)C=C2N2C=CC(C)=N2)C(F)(F)F)=C1
876, RIBOCICLIB , 25.5 ,CN(C)C(=O)C1=CC2=CN=C(NC3=CC=C(C=N3)N3CCNCC3)N=C2N1C1CCCC1
877, VALBENAZINE , 7.2 ,COC1=C(OC)C=C2[C@H]3C[C@@H](OC(=O)[C@@H](N)C(C)C)[C@H](CC(C)C)CN3CCC2=C1
878, LEUCOVORIN , 22.6 ,[H]C(=O)N1C(CNC2=CC=C(C=C2)C(=O)N[C@@H](CCC(O)=O)C(O)=O)CNC2=C1C(=O)NC(N)=N2
879, BARICITINIB , 8.9 ,CCS(=O)(=O)N1CC(CC#N)(C1)N1C=C(C=N1)C1=C2C=CNC2=NC=N1
880, LOFEXIDINE , 17.6 ,CC(OC1=C(Cl)C=CC=C1Cl)C1=NCCN1
881, LOFEXIDINE , 17.6 ,CC(OC1=C(Cl)C=CC=C1Cl)C1=NCCN1
882, SECNIDAZOLE , 1.5 ,CC(O)CN1C(C)=NC=C1N(=O)=O
883, SECNIDAZOLE , 1.5 ,CC(O)CN1C(C)=NC=C1N(=O)=O
884, VABORBACTAM , 10.9 ,OB1O[C@H](CC(O)=O)CC[C@@H]1NC(=O)CC1=CC=CS1
885, ERTUGLIFLOZIN , 11.2 ,CCOC1=CC=C(CC2=CC(=CC=C2Cl)[C@]23OC[C@](CO)(O2)[C@@H](O)[C@H](O)[C@H]3O)C=C1
886, COPANLISIB , 17.9 ,COC1=C(OCCCN2CCOCC2)C=CC2=C1N=C(NC(=O)C1=CN=C(N)N=C1)N1CCN=C21
887, COCAINE , 3096 ,[H][C@]12CC[C@]([H])([C@H]([C@H](C1)OC(=O)C1=CC=CC=C1)C(=O)OC)N2C
888, AVATROMBOPAG , 6.9 ,OC(=O)C1CCN(CC1)C1=C(Cl)C=C(C=N1)C(=O)NC1=NC(C2=CC(Cl)=CS2)=C(S1)N1CCN(CC1)C1CCCCC1
889, ACALABRUTINIB , 159 ,CC#CC(=O)N1CCC[C@H]1C1=NC(=C2N1C=CN=C2N)C1=CC=C(C=C1)C(=O)NC1=CC=CC=N1
890, TEZACAFTOR , 1.31 ,CC(C)(CO)C1=CC2=CC(NC(=O)C3(CC3)C3=CC=C4OC(F)(F)OC4=C3)=C(F)C=C2N1C[C@@H](O)CO
891, FOSNETUPITANT , 90 ,CN(C(=O)C(C)(C)C1=CC(=CC(=C1)C(F)(F)F)C(F)(F)F)C1=CN=C(C=C1C1=CC=CC=C1C)N1CC[N+](C)(COP(O)([O-])=O)CC1
892, APALUTAMIDE , 1.3 ,CNC(=O)C1=CC=C(C=C1F)N1C(=S)N(C(=O)C11CCC1)C1=CC(=C(N=C1)C#N)C(F)(F)F
893, AMIFAMPRIDINE , 181 ,NC1=CC=NC=C1N
894, MIGALASTAT , 12.5 ,OC[C@H]1NC[C@H](O)[C@@H](O)[C@H]1O
895, TECOVIRIMAT , 31 ,FC(F)(F)C1=CC=C(C=C1)C(=O)NN1C(=O)[C@H]2[C@H]([C@H]3C=C[C@@H]2[C@@H]2C[C@H]32)C1=O
896, SARECYCLINE , 3 ,[H][C@@]12CC3=C(CN(C)OC)C=CC(O)=C3C(=O)C1=C(O)[C@]1(O)C(=O)C(C(N)=O)=C(O)[C@@H](N(C)C)[C@]1([H])C2
897, OMADACYCLINE , 34.6 ,[H][C@@]12CC3=C(C=C(CNCC(C)(C)C)C(O)=C3C(=O)C1=C(O)[C@]1(O)C(=O)C(C(N)=O)=C(O)[C@@H](N(C)C)[C@]1([H])C2)N(C)C
898, SIPONIMOD , 3.11 ,CCC1=CC(=CC=C1CN1CC(C1)C(O)=O)C(\C)=N\OCC1=CC=C(C2CCCCC2)C(=C1)C(F)(F)F
899, PRUCALOPRIDE , 19 ,COCCCN1CCC(CC1)NC(=O)C1=C2OCCC2=C(N)C(Cl)=C1
900, PLAZOMICIN , 4.5 ,CN[C@@H]1[C@@H](O)[C@@H](O[C@H]2[C@@H](C[C@H](N)[C@@H](O[C@H]3OC(CNCCO)=CC[C@H]3N)[C@@H]2O)NC(=O)[C@@H](O)CCN)OC[C@]1(C)O
901, CANNABIDIOL , 1111 ,CCCCCC1=CC(O)=C([C@@H]2C=C(C)CC[C@H]2C(C)=C)C(O)=C1
902, ELAGOLIX , 144 ,COC1=CC=CC(=C1F)C1=C(C)N(CC2=C(C=CC=C2F)C(F)(F)F)C(=O)N(C[C@H](NCCCC(O)=O)C2=CC=CC=C2)C1=O
903, ENCORAFENIB , 14 ,COC(=O)N[C@@H](C)CNC1=NC=CC(=N1)C1=CN(N=C1C1=CC(Cl)=CC(NS(C)(=O)=O)=C1F)C(C)C
904, BINIMETINIB , 20.2 ,CN1C=NC2=C(F)C(NC3=CC=C(Br)C=C3F)=C(C=C12)C(=O)NOCCO
905, TAFENOQUINE , 4.2 ,COC1=CC(C)=C2C(OC3=CC=CC(=C3)C(F)(F)F)=C(OC)C=C(NC(C)CCCN)C2=N1
906, TAFENOQUINE , 4.2 ,COC1=CC(C)=C2C(OC3=CC=CC(=C3)C(F)(F)F)=C(OC)C=C(NC(C)CCCN)C2=N1
907, GLASDEGIB , 6.45 ,CN1CC[C@H](C[C@@H]1C1=NC2=CC=CC=C2N1)NC(=O)NC1=CC=C(C=C1)C#N
908, DORAVIRINE , 6.36 ,CN1C(=O)NN=C1CN1C=CC(=C(OC2=CC(=CC(Cl)=C2)C#N)C1=O)C(F)(F)F
909, BALOXAVIR , 10.3 ,[H][C@@]12COCCN1C(=O)C1=C(O)C(=O)C=CN1N2[C@@H]1C2=C(SCC3=C1C=CC(F)=C3F)C=CC=C2
910, LAROTRECTINIB , 98 ,O[C@H]1CCN(C1)C(=O)NC1=C2N=C(C=CN2N=C1)N1CCC[C@@H]1C1=C(F)C=CC(F)=C1
911, MOXIDECTIN , 3.5 ,[H][C@@]12OC\C3=C/C=C/[C@H](C)C\C(C)=C\C[C@]4([H])C[C@@]([H])(C[C@]5(C\C(=N/OC)[C@H](C)[C@H](O5)C(\C)=C\C(C)C)O4)OC(=O)[C@]([H])(C=C(C)[C@H]1O)[C@@]23O
912, LORLATINIB , 11 ,C[C@H]1OC2=C(N)N=CC(=C2)C2=C(C#N)N(C)N=C2CN(C)C(=O)C2=C1C=C(F)C=C2
913, LUSUTROMBOPAG , 1.1 ,CCCCCCO[C@@H](C)C1=C(OC)C(=CC=C1)C1=CSC(NC(=O)C2=CC(Cl)=C(\C=C(/C)C(O)=O)C(Cl)=C2)=N1
914, DUVELISIB , 4.2 ,C[C@H](NC1=C2N=CNC2=NC=N1)C1=CC2=CC=CC(Cl)=C2C(=O)N1C1=CC=CC=C1
915, IVOSIDENIB , 4.3 ,[H][C@@](N(C(=O)[C@]1([H])CCC(=O)N1C1=NC=CC(=C1)C#N)C1=CC(F)=CN=C1)(C(=O)NC1CC(F)(F)C1)C1=C(Cl)C=CC=C1
916, SOLRIAMFETOL , 19.5 ,N[C@@H](COC(N)=O)CC1=CC=CC=C1
917, DACOMITINIB , 24.9 ,COC1=C(NC(=O)\C=C\CN2CCCCC2)C=C2C(NC3=CC(Cl)=C(F)C=C3)=NC=NC2=C1
918, GILTERITINIB , 14.85 ,CCC1=C(NC2CCOCC2)N=C(NC2=CC=C(N3CCC(CC3)N3CCN(C)CC3)C(OC)=C2)C(=N1)C(N)=O
919, BREXANOLONE , 65 ,[H][C@@]1(CC[C@@]2([H])[C@]3([H])CC[C@@]4([H])C[C@H](O)CC[C@]4(C)[C@@]3([H])CC[C@]12C)C(C)=O
920, TALAZOPARIB , 6.45 ,CN1N=CN=C1[C@@H]1[C@H](NC2=C3C1=NNC(=O)C3=CC(F)=C2)C1=CC=C(F)C=C1
921, TAFAMIDIS , 0.263 ,OC(=O)C1=CC=C2N=C(OC2=C1)C1=CC(Cl)=CC(Cl)=C1
922, ERDAFITINIB , 0.362 ,COC1=CC(=CC(OC)=C1)N(CCNC(C)C)C1=CC=C2N=CC(=NC2=C1)C1=CN(C)N=C1
923, ALPELISIB , 9.2 ,CC1=C(SC(NC(=O)N2CCC[C@H]2C(N)=O)=N1)C1=CC(=NC=C1)C(C)(C)C(F)(F)F
924, ISTRADEFYLLINE , 4.6 ,[H]\C(=C(\[H])C1=CC(OC)=C(OC)C=C1)C1=NC2=C(N1C)C(=O)N(CC)C(=O)N2CC
925, CEFIDEROCOL , 5.18 ,[H][C@]12SCC(C[N+]3(CCNC(=O)C4=C(Cl)C(O)=C(O)C=C4)CCCC3)=C(N1C(=O)[C@H]2NC(=O)C(=N/OC(C)(C)C(O)=O)\C1=CSC(N)=N1)C([O-])=O
926, LUMATEPERONE , 27.9 ,[H][C@]12CCN(CCCC(=O)C3=CC=C(F)C=C3)C[C@@]1([H])C1=CC=CC3=C1N2CCN3C
927, AMISULPRIDE , 24.1 ,CCN1CCCC1CNC(=O)C1=CC(=C(N)C=C1OC)S(=O)(=O)CC
928, AMISULPRIDE , 24.1 ,CCN1CCCC1CNC(=O)C1=CC(=C(N)C=C1OC)S(=O)(=O)CC
929, OZANIMOD , 192 ,CC(C)OC1=C(C=C(C=C1)C1=NC(=NO1)C1=C2CC[C@H](NCCO)C2=CC=C1)C#N
930, BREMELANOTIDE , 6.5 ,CCCC[C@H](NC(C)=O)C(=O)N[C@H]1CC(=O)NCCCC[C@H](NC(=O)[C@H](CC2=CNC3=CC=CC=C23)NC(=O)[C@H](CCCNC(N)=N)NC(=O)[C@@H](CC2=CC=CC=C2)NC(=O)[C@H](CC2=CN=CN2)NC1=O)C(O)=O
931, PITOLISANT , 43.9 ,ClC1=CC=C(CCCOCCCN2CCCCC2)C=C1
932, BEMPEDOIC ACID , 0.68 ,CC(C)(CCCCCC(O)CCCCCC(C)(C)C(O)=O)C(O)=O
933, LEFAMULIN , 11.9 ,[H][C@@]12C(=O)CC[C@]11CCC(C)[C@@]2(C)[C@@H](C[C@@](C)(C=C)[C@@H](O)[C@@H]1C)OC(=O)CS[C@@H]1CC[C@@H](N)C[C@H]1O
934, TAZEMETOSTAT , 274 ,CCN(C1CCOCC1)C1=C(C)C(=CC(=C1)C1=CC=C(CN2CCOCC2)C=C1)C(=O)NCC1=C(C)C=C(C)NC1=O
935, UBROGEPANT , 87 ,C[C@@H]1[C@@H](C[C@H](NC(=O)C2=CN=C3C[C@]4(CC3=C2)C(=O)NC2=NC=CC=C42)C(=O)N1CC(F)(F)F)C1=CC=CC=C1
936, PEXIDARTINIB , 5.1 ,FC(F)(F)C1=CC=C(CNC2=NC=C(CC3=CNC4=NC=C(Cl)C=C34)C=C2)C=N1
937, DAROLUTAMIDE , 6.96 ,C[C@@H](CN1C=CC(=N1)C1=CC=C(C#N)C(Cl)=C1)NC(=O)C1=NNC(=C1)C(C)O
938, DAROLUTAMIDE , 6.96 ,C[C@@H](CN1C=CC(=N1)C1=CC=C(C#N)C(Cl)=C1)NC(=O)C1=NNC(=C1)C(C)O
939, FENFLURAMINE , 24.8 ,CCNC(C)CC1=CC=CC(=C1)C(F)(F)F
940, FENFLURAMINE , 24.8 ,CCNC(C)CC1=CC=CC(=C1)C(F)(F)F
941, ELEXACAFTOR , 1.18 ,C[C@@H]1CN(C2=NC(=CC=C2C(=O)NS(=O)(=O)C2=CN(C)N=C2C)N2C=CC(OCC(C)(C)C(F)(F)F)=N2)C(C)(C)C1
942, REMIMAZOLAM , 64.5 ,COC(=O)CC[C@@H]1N=C(C2=CC=CC=N2)C2=CC(Br)=CC=C2N2C(C)=CN=C12
943, SELINEXOR , 17.9 ,FC(F)(F)C1=CC(=CC(=C1)C1=NN(\C=C/C(=O)NNC2=NC=CN=C2)C=N1)C(F)(F)F
944, FEDRATINIB , 13 ,CC1=CN=C(NC2=CC=C(OCCN3CCCC3)C=C2)N=C1NC1=CC=CC(=C1)S(=O)(=O)NC(C)(C)C
945, AVAPRITINIB , 19.5 ,CN1C=C(C=N1)C1=CN2N=CN=C(N3CCN(CC3)C3=NC=C(C=N3)[C@@](C)(N)C3=CC=C(F)C=C3)C2=C1
946, ENTRECTINIB , 19.6 ,CN1CCN(CC1)C1=CC=C(C(=O)NC2=NNC3=CC=C(CC4=CC(F)=CC(F)=C4)C=C23)C(NC2CCOCC2)=C1
947, RELEBACTAM , 8 ,OS(=O)(=O)ON1[C@H]2C[N@]([C@@H](CC2)C(=O)NC2CCNCC2)C1=O
948, CENOBAMATE , 0.54 ,NC(=O)O[C@@H](CN1N=CN=N1)C1=C(Cl)C=CC=C1
949, PRETOMANID , 3.9 ,[O-][N+](=O)C1=CN2C[C@@H](COC2=N1)OCC1=CC=C(OC(F)(F)F)C=C1
950, TEMSAVIR , 66.4 ,COC1=CN=C(N2C=NC(C)=N2)C2=C1C(=CN2)C(=O)C(=O)N1CCN(CC1)C(=O)C1=CC=CC=C1
951, ARTESUNATE , 180 ,[H][C@@]12CC[C@@H](C)[C@]3([H])CC[C@@]4(C)OO[C@@]13[C@]([H])(O[C@@H](OC(=O)CCC(O)=O)[C@@H]2C)O4
952, VOXELOTOR , 6.7 ,CC(C)N1N=CC=C1C1=C(COC2=CC=CC(O)=C2C=O)C=CC=N1
953, ZANUBRUTINIB , 182 ,NC(=O)C1=C2NCC[C@@H](C3CCN(CC3)C(=O)C=C)N2N=C1C1=CC=C(OC2=CC=CC=C2)C=C1
954, SELPERCATINIB , 6 ,COC1=NC=C(CN2C3CC2CN(C3)C2=CC=C(C=N2)C2=CC(OCC(C)(C)O)=CN3N=CC(C#N)=C23)C=C1
955, TUCATINIB , 148 ,CC1=CC(NC2=NC=NC3=CC=C(NC4=NC(C)(C)CO4)C=C23)=CC=C1OC1=CC2=NC=NN2C=C1
956, CAPMATINIB , 24 ,CNC(=O)C1=C(F)C=C(C=C1)C1=NN2C(CC3=CC4=C(C=C3)N=CC=C4)=CN=C2N=C1
957, LURBINECTEDIN , 11 ,[H][C@@]12[C@@H]3SC[C@]4(NCCC5=C4NC4=CC=C(OC)C=C54)C(=O)OC[C@H](N1[C@@H](O)[C@@H]1CC4=CC(C)=C(OC)C(O)=C4[C@@]2([H])N1C)C1=C2OCOC2=C(C)C(OC(C)=O)=C31
958, PEMIGATINIB , 10.6 ,CCN1C(=O)N(CC2=CN=C3NC(CN4CCOCC4)=CC3=C12)C1=C(F)C(OC)=CC(OC)=C1F
959, SELUMETINIB , 8.8 ,CN1C=NC2=C(F)C(NC3=C(Cl)C=C(Br)C=C3)=C(C=C12)C(=O)NOCCO
960, RIPRETINIB , 15.3 ,CCN1C(=O)C(=CC2=C1C=C(NC)N=C2)C1=C(Br)C=C(F)C(NC(=O)NC2=CC=CC=C2)=C1
961, EXATECAN , 19.2 ,CC[C@@]1(O)C(=O)OCC2=C1C=C1N(CC3=C1N=C1C=C(F)C(C)=C4CC[C@H](N)C3=C14)C2=O
